Multiple size <= 100
TEST 1 ARG:30 84 72 54 19 60 82 23 62 43 56 61 8 98 52 44 47 42 22 45 65 21 58 27 66 26 3 73 81 93 59 4 79 53 7 13 74 70 17 35 94 5 10 86 36 2 46 75 97 0 49 15 24 20 63 6 71 80 88 32 78 38 50 12 91 83 16 55 89 85 1 34 18 69 77 11 90 9 57 87 96 31 92 51 39 28 48 41 99 67 64 37 14 33 25 95 29 76 40 68
TEST 1 ARG:30 84 72 54 19 60 82 23 62 43 56 61 8 98 52 44 47 42 22 45 65 21 58 27 66 26 3 73 81 93 59 4 79 53 7 13 74 70 17 35 94 5 10 86 36 2 46 75 97 0 49 15 24 20 63 6 71 80 88 32 78 38 50 12 91 83 16 55 89 85 1 34 18 69 77 11 90 9 57 87 96 31 92 51 39 28 48 41 99 67 64 37 14 33 25 95 29 76 40 68
TEST 2 ARG:40 78 0 51 84 97 23 50 31 79 83 91 7 2 8 88 38 12 48 1 61 75 44 6 94 82 33 29 55 96 76 90 87 73 93 98 64 20 89 19 46 26 67 9 54 25 60 13 85 71 45 39 66 53 4 77 92 24 49 5 15 74 70 37 3 52 72 58 56 47 27 17 63 28 30 62 68 16 42 35 21 57 22 80 65 41 36 43 86 81 95 99 10 59 11 18 14 34 32 69
TEST 2 ARG:40 78 0 51 84 97 23 50 31 79 83 91 7 2 8 88 38 12 48 1 61 75 44 6 94 82 33 29 55 96 76 90 87 73 93 98 64 20 89 19 46 26 67 9 54 25 60 13 85 71 45 39 66 53 4 77 92 24 49 5 15 74 70 37 3 52 72 58 56 47 27 17 63 28 30 62 68 16 42 35 21 57 22 80 65 41 36 43 86 81 95 99 10 59 11 18 14 34 32 69
TEST 3 ARG:80 33 78 11 8 74 53 59 23 45 24 94 47 15 25 0 12 51 43 58 63 14 93 18 56 42 88 84 79 49 60 22 89 28 97 46 86 13 39 10 83 55 76 6 37 20 2 35 71 34 32 98 44 62 87 77 21 19 50 40 73 17 52 9 91 1 99 54 72 48 96 7 90 27 26 57 64 30 5 41 16 31 3 61 38 4 29 75 85 69 68 36 70 67 66 92 82 95 81 65
TEST 3 ARG:80 33 78 11 8 74 53 59 23 45 24 94 47 15 25 0 12 51 43 58 63 14 93 18 56 42 88 84 79 49 60 22 89 28 97 46 86 13 39 10 83 55 76 6 37 20 2 35 71 34 32 98 44 62 87 77 21 19 50 40 73 17 52 9 91 1 99 54 72 48 96 7 90 27 26 57 64 30 5 41 16 31 3 61 38 4 29 75 85 69 68 36 70 67 66 92 82 95 81 65
TEST 4 ARG:37 88 10 34 25 96 41 91 85 48 42 78 62 44 2 89 71 31 74 51 84 94 18 33 73 46 65 86 23 77 81 82 97 4 28 40 93 63 1 43 13 45 59 14 9 68 98 87 92 54 11 3 22 19 90 8 66 80 61 56 75 57 69 35 67 58 21 50 55 27 39 7 12 52 36 99 79 15 6 17 76 64 20 95 47 16 26 38 60 30 72 5 0 24 53 70 49 29 32 83
TEST 4 ARG:37 88 10 34 25 96 41 91 85 48 42 78 62 44 2 89 71 31 74 51 84 94 18 33 73 46 65 86 23 77 81 82 97 4 28 40 93 63 1 43 13 45 59 14 9 68 98 87 92 54 11 3 22 19 90 8 66 80 61 56 75 57 69 35 67 58 21 50 55 27 39 7 12 52 36 99 79 15 6 17 76 64 20 95 47 16 26 38 60 30 72 5 0 24 53 70 49 29 32 83
TEST 5 ARG:42 49 13 33 72 27 31 84 4 58 24 7 77 75 14 15 88 40 55 69 52 41 82 71 2 50 73 21 43 92 8 87 29 65 57 81 93 44 6 80 0 3 86 64 89 60 94 98 12 62 26 36 20 22 30 16 70 54 1 5 34 78 19 97 23 25 18 79 66 83 17 74 37 61 51 99 47 45 56 96 39 35 38 90 67 63 95 68 76 59 85 32 53 28 46 91 10 11 48 9
TEST 5 ARG:42 49 13 33 72 27 31 84 4 58 24 7 77 75 14 15 88 40 55 69 52 41 82 71 2 50 73 21 43 92 8 87 29 65 57 81 93 44 6 80 0 3 86 64 89 60 94 98 12 62 26 36 20 22 30 16 70 54 1 5 34 78 19 97 23 25 18 79 66 83 17 74 37 61 51 99 47 45 56 96 39 35 38 90 67 63 95 68 76 59 85 32 53 28 46 91 10 11 48 9
TEST 6 ARG:24 94 18 46 96 91 25 61 33 4 13 60 48 27 57 99 73 10 74 77 89 35 20 38 69 16 97 30 8 41 63 54 14 6 43 36 50 58 78 88 44 70 29 87 7 28 65 5 2 92 75 19 81 55 40 26 39 47 34 93 37 80 11 17 42 76 22 3 98 86 0 21 95 90 52 45 79 53 62 82 51 31 72 85 67 83 12 71 68 64 59 9 49 84 23 15 66 56 32 1
TEST 6 ARG:24 94 18 46 96 91 25 61 33 4 13 60 48 27 57 99 73 10 74 77 89 35 20 38 69 16 97 30 8 41 63 54 14 6 43 36 50 58 78 88 44 70 29 87 7 28 65 5 2 92 75 19 81 55 40 26 39 47 34 93 37 80 11 17 42 76 22 3 98 86 0 21 95 90 52 45 79 53 62 82 51 31 72 85 67 83 12 71 68 64 59 9 49 84 23 15 66 56 32 1
TEST 7 ARG:98 92 0 35 29 48 5 7 86 20 54 46 15 27 64 50 73 63 31 53 42 14 49 96 84 85 25 10 97 52 95 40 60 80 71 70 34 59 6 56 75 1 16 39 66 58 47 67 9 79 41 57 89 28 13 65 91 4 23 77 88 87 62 26 43 30 83 38 18 51 2 45 12 94 81 19 17 90 68 99 22 76 8 82 3 44 33 21 74 36 93 37 55 72 61 11 69 32 24 78
TEST 7 ARG:98 92 0 35 29 48 5 7 86 20 54 46 15 27 64 50 73 63 31 53 42 14 49 96 84 85 25 10 97 52 95 40 60 80 71 70 34 59 6 56 75 1 16 39 66 58 47 67 9 79 41 57 89 28 13 65 91 4 23 77 88 87 62 26 43 30 83 38 18 51 2 45 12 94 81 19 17 90 68 99 22 76 8 82 3 44 33 21 74 36 93 37 55 72 61 11 69 32 24 78
TEST 8 ARG:58 52 22 25 10 35 7 70 85 11 60 21 67 73 71 30 96 48 45 54 99 3 19 29 49 89 27 84 53 66 37 74 34 1 65 69 78 16 93 86 64 75 56 57 83 20 14 95 80 36 4 9 33 2 6 15 47 72 40 79 46 18 62 12 55 24 32 51 77 43 91 68 61 92 41 28 81 98 39 59 13 8 94 97 38 26 44 88 0 31 5 42 23 50 17 87 76 63 82 90
TEST 8 ARG:58 52 22 25 10 35 7 70 85 11 60 21 67 73 71 30 96 48 45 54 99 3 19 29 49 89 27 84 53 66 37 74 34 1 65 69 78 16 93 86 64 75 56 57 83 20 14 95 80 36 4 9 33 2 6 15 47 72 40 79 46 18 62 12 55 24 32 51 77 43 91 68 61 92 41 28 81 98 39 59 13 8 94 97 38 26 44 88 0 31 5 42 23 50 17 87 76 63 82 90
TEST 9 ARG:58 60 64 1 0 76 66 18 79 75 52 5 98 9 21 32 81 93 99 53 2 87 40 45 44 31 88 65 29 42 90 78 55 7 3 11 68 6 94 23 30 24 8 33 97 72 43 41 36 56 96 82 83 70 59 28 63 48 26 17 69 10 16 71 49 73 22 35 38 4 20 84 54 67 34 92 25 37 27 13 14 12 77 62 46 50 95 57 39 89 86 61 19 51 85 74 91 47 80 15
TEST 9 ARG:58 60 64 1 0 76 66 18 79 75 52 5 98 9 21 32 81 93 99 53 2 87 40 45 44 31 88 65 29 42 90 78 55 7 3 11 68 6 94 23 30 24 8 33 97 72 43 41 36 56 96 82 83 70 59 28 63 48 26 17 69 10 16 71 49 73 22 35 38 4 20 84 54 67 34 92 25 37 27 13 14 12 77 62 46 50 95 57 39 89 86 61 19 51 85 74 91 47 80 15
TEST 10 ARG:65 52 99 62 66 60 64 48 5 86 19 12 94 38 77 35 97 10 4 81 89 67 22 33 27 17 18 36 74 68 98 56 54 45 0 15 92 41 53 40 6 72 16 11 25 8 47 42 61 7 49 39 30 84 1 34 14 82 73 78 88 57 51 59 80 69 46 31 21 50 90 83 44 96 76 75 26 87 55 63 85 37 23 20 93 32 28 91 3 71 29 2 9 24 79 70 58 43 95 13
TEST 10 ARG:65 52 99 62 66 60 64 48 5 86 19 12 94 38 77 35 97 10 4 81 89 67 22 33 27 17 18 36 74 68 98 56 54 45 0 15 92 41 53 40 6 72 16 11 25 8 47 42 61 7 49 39 30 84 1 34 14 82 73 78 88 57 51 59 80 69 46 31 21 50 90 83 44 96 76 75 26 87 55 63 85 37 23 20 93 32 28 91 3 71 29 2 9 24 79 70 58 43 95 13
TEST 11 ARG:62 14 90 15 52 6 32 58 80 3 55 94 87 21 27 42 64 9 83 11 72 25 17 54 86 18 35 91 0 71 67 68 1 10 99 34 85 16 74 97 53 51 98 73 65 89 43 24 84 31 88 49 96 44 56 2 5 30 50 61 23 4 29 19 70 66 57 41 76 8 33 69 26 40 82 13 59 77 93 37 63 20 45 75 81 95 60 12 48 7 46 92 22 38 28 47 79 39 78 36
TEST 11 ARG:62 14 90 15 52 6 32 58 80 3 55 94 87 21 27 42 64 9 83 11 72 25 17 54 86 18 35 91 0 71 67 68 1 10 99 34 85 16 74 97 53 51 98 73 65 89 43 24 84 31 88 49 96 44 56 2 5 30 50 61 23 4 29 19 70 66 57 41 76 8 33 69 26 40 82 13 59 77 93 37 63 20 45 75 81 95 60 12 48 7 46 92 22 38 28 47 79 39 78 36
TEST 12 ARG:94 30 50 20 26 19 21 45 68 16 49 28 17 99 97 73 39 86 10 69 5 3 13 77 12 1 29 79 83 60 31 8 89 47 66 34 44 27 59 87 0 48 52 40 2 75 51 42 32 18 63 23 84 7 70 90 85 57 61 96 98 92 11 35 88 33 38 54 95 24 80 15 37 76 56 4 91 93 82 67 71 25 64 72 81 46 62 58 6 22 55 78 36 14 41 74 9 43 53 65
TEST 12 ARG:94 30 50 20 26 19 21 45 68 16 49 28 17 99 97 73 39 86 10 69 5 3 13 77 12 1 29 79 83 60 31 8 89 47 66 34 44 27 59 87 0 48 52 40 2 75 51 42 32 18 63 23 84 7 70 90 85 57 61 96 98 92 11 35 88 33 38 54 95 24 80 15 37 76 56 4 91 93 82 67 71 25 64 72 81 46 62 58 6 22 55 78 36 14 41 74 9 43 53 65
TEST 13 ARG:44 96 6 48 87 78 76 41 8 61 49 99 39 9 98 70 73 88 18 65 11 13 3 16 0 46 93 32 29 68 53 12 33 22 82 59 85 36 67 51 30 89 40 77 92 15 28 81 23 90 72 95 7 55 80 79 62 52 31 66 56 21 27 2 19 91 37 1 74 71 43 26 34 97 63 47 14 60 57 24 64 38 35 86 5 75 4 69 83 10 25 17 20 54 84 58 45 94 42 50
TEST 13 ARG:44 96 6 48 87 78 76 41 8 61 49 99 39 9 98 70 73 88 18 65 11 13 3 16 0 46 93 32 29 68 53 12 33 22 82 59 85 36 67 51 30 89 40 77 92 15 28 81 23 90 72 95 7 55 80 79 62 52 31 66 56 21 27 2 19 91 37 1 74 71 43 26 34 97 63 47 14 60 57 24 64 38 35 86 5 75 4 69 83 10 25 17 20 54 84 58 45 94 42 50
TEST 14 ARG:39 22 55 59 43 24 17 7 93 32 35 80 57 64 86 98 73 81 47 83 62 10 79 23 51 27 30 68 54 34 82 90 16 69 53 92 49 0 58 3 52 40 18 2 78 36 60 14 20 42 50 46 72 8 85 88 87 96 45 31 70 91 37 44 75 56 76 71 99 25 61 66 65 67 9 38 94 5 11 33 15 4 21 84 28 95 19 48 6 41 12 74 26 97 77 29 1 63 89 13
TEST 14 ARG:39 22 55 59 43 24 17 7 93 32 35 80 57 64 86 98 73 81 47 83 62 10 79 23 51 27 30 68 54 34 82 90 16 69 53 92 49 0 58 3 52 40 18 2 78 36 60 14 20 42 50 46 72 8 85 88 87 96 45 31 70 91 37 44 75 56 76 71 99 25 61 66 65 67 9 38 94 5 11 33 15 4 21 84 28 95 19 48 6 41 12 74 26 97 77 29 1 63 89 13
TEST 15 ARG:86 64 33 90 55 30 54 75 72 25 62 12 65 53 94 17 99 21 87 32 27 31 34 79 38 5 52 13 43 40 77 82 48 11 91 18 66 46 4 93 29 35 44 6 56 67 70 58 97 20 85 41 1 45 81 95 7 16 42 15 49 0 92 84 24 73 78 60 2 23 14 71 68 88 37 47 28 51 83 76 57 22 9 63 26 61 59 36 89 19 3 96 74 69 80 8 39 50 10 98
TEST 15 ARG:86 64 33 90 55 30 54 75 72 25 62 12 65 53 94 17 99 21 87 32 27 31 34 79 38 5 52 13 43 40 77 82 48 11 91 18 66 46 4 93 29 35 44 6 56 67 70 58 97 20 85 41 1 45 81 95 7 16 42 15 49 0 92 84 24 73 78 60 2 23 14 71 68 88 37 47 28 51 83 76 57 22 9 63 26 61 59 36 89 19 3 96 74 69 80 8 39 50 10 98
TEST 16 ARG:44 86 35 41 70 11 72 63 77 23 85 7 43 68 6 69 66 51 33 94 34 58 12 83 39 25 14 99 84 19 46 45 60 5 55 22 20 62 31 15 36 49 93 18 16 95 2 89 50 56 29 1 75 8 13 74 81 53 48 87 32 27 67 59 17 90 30 37 98 73 47 57 78 42 92 80 61 97 24 91 26 40 54 79 10 38 28 3 65 4 9 88 82 21 64 76 52 71 96 0
TEST 16 ARG:44 86 35 41 70 11 72 63 77 23 85 7 43 68 6 69 66 51 33 94 34 58 12 83 39 25 14 99 84 19 46 45 60 5 55 22 20 62 31 15 36 49 93 18 16 95 2 89 50 56 29 1 75 8 13 74 81 53 48 87 32 27 67 59 17 90 30 37 98 73 47 57 78 42 92 80 61 97 24 91 26 40 54 79 10 38 28 3 65 4 9 88 82 21 64 76 52 71 96 0
TEST 17 ARG:50 19 3 38 39 45 47 83 90 99 25 70 51 46 5 77 29 80 23 86 11 14 78 20 58 30 91 74 9 37 10 82 96 94 85 92 88 55 26 79 2 65 17 43 41 40 62 33 63 44 93 61 1 73 95 66 75 34 81 76 60 48 53 28 42 84 59 69 57 49 16 89 15 52 35 71 64 8 12 0 6 27 97 4 21 24 56 18 13 22 68 32 98 54 36 72 87 67 7 31
TEST 17 ARG:50 19 3 38 39 45 47 83 90 99 25 70 51 46 5 77 29 80 23 86 11 14 78 20 58 30 91 74 9 37 10 82 96 94 85 92 88 55 26 79 2 65 17 43 41 40 62 33 63 44 93 61 1 73 95 66 75 34 81 76 60 48 53 28 42 84 59 69 57 49 16 89 15 52 35 71 64 8 12 0 6 27 97 4 21 24 56 18 13 22 68 32 98 54 36 72 87 67 7 31
TEST 18 ARG:2 49 16 39 69 27 93 26 5 8 62 96 22 21 77 33 4 85 94 56 65 83 51 29 73 43 30 41 81 91 89 66 32 1 0 78 12 68 35 90 61 15 59 54 23 25 98 71 76 50 36 72 31 10 47 60 74 80 40 86 82 24 63 7 97 19 55 3 13 75 99 87 70 37 88 18 28 92 53 6 14 46 44 67 34 9 42 58 45 64 57 48 38 17 11 84 95 20 52 79
TEST 18 ARG:2 49 16 39 69 27 93 26 5 8 62 96 22 21 77 33 4 85 94 56 65 83 51 29 73 43 30 41 81 91 89 66 32 1 0 78 12 68 35 90 61 15 59 54 23 25 98 71 76 50 36 72 31 10 47 60 74 80 40 86 82 24 63 7 97 19 55 3 13 75 99 87 70 37 88 18 28 92 53 6 14 46 44 67 34 9 42 58 45 64 57 48 38 17 11 84 95 20 52 79
TEST 19 ARG:82 30 59 31 71 48 26 63 98 40 16 10 20 81 62 95 56 39 7 12 1 11 37 70 43 3 14 41 19 77 69 13 60 79 57 73 52 22 65 90 85 15 9 55 6 28 67 61 86 92 23 87 21 75 32 17 58 80 51 5 99 50 38 96 36 89 72 4 64 0 35 88 8 44 83 84 45 53 97 66 29 91 74 93 47 33 24 94 2 42 46 78 25 34 76 27 68 54 18 49
TEST 19 ARG:82 30 59 31 71 48 26 63 98 40 16 10 20 81 62 95 56 39 7 12 1 11 37 70 43 3 14 41 19 77 69 13 60 79 57 73 52 22 65 90 85 15 9 55 6 28 67 61 86 92 23 87 21 75 32 17 58 80 51 5 99 50 38 96 36 89 72 4 64 0 35 88 8 44 83 84 45 53 97 66 29 91 74 93 47 33 24 94 2 42 46 78 25 34 76 27 68 54 18 49
TEST 20 ARG:61 92 20 32 22 97 6 87 73 62 42 50 4 43 68 9 23 59 88 2 41 71 80 12 53 24 66 10 5 40 60 98 7 74 27 70 58 79 95 39 15 99 45 69 38 82 81 1 8 55 90 56 89 44 72 54 83 78 11 86 28 17 25 57 33 35 30 29 26 31 77 16 76 63 0 91 49 48 51 37 52 93 47 3 75 19 94 21 85 36 46 13 64 67 18 84 34 96 65 14
TEST 20 ARG:61 92 20 32 22 97 6 87 73 62 42 50 4 43 68 9 23 59 88 2 41 71 80 12 53 24 66 10 5 40 60 98 7 74 27 70 58 79 95 39 15 99 45 69 38 82 81 1 8 55 90 56 89 44 72 54 83 78 11 86 28 17 25 57 33 35 30 29 26 31 77 16 76 63 0 91 49 48 51 37 52 93 47 3 75 19 94 21 85 36 46 13 64 67 18 84 34 96 65 14
TEST 21 ARG:93 76 87 20 44 85 81 59 79 77 31 80 61 70 52 39 24 19 64 63 37 65 28 8 26 36 43 5 99 73 46 88 2 41 14 96 86 82 12 17 18 4 89 78 33 7 67 53 95 6 9 90 38 21 25 71 35 58 94 0 57 69 42 13 23 34 68 10 72 54 75 56 16 30 32 74 62 3 40 51 66 47 1 92 22 84 60 48 49 91 45 15 11 98 97 29 50 27 83 55
TEST 21 ARG:93 76 87 20 44 85 81 59 79 77 31 80 61 70 52 39 24 19 64 63 37 65 28 8 26 36 43 5 99 73 46 88 2 41 14 96 86 82 12 17 18 4 89 78 33 7 67 53 95 6 9 90 38 21 25 71 35 58 94 0 57 69 42 13 23 34 68 10 72 54 75 56 16 30 32 74 62 3 40 51 66 47 1 92 22 84 60 48 49 91 45 15 11 98 97 29 50 27 83 55
TEST 22 ARG:77 54 78 42 87 65 92 4 63 29 47 5 46 96 22 72 70 61 57 49 75 24 3 9 35 99 95 14 69 7 73 50 90 41 21 12 25 68 60 45 98 8 37 2 74 59 32 30 52 36 66 33 85 26 1 11 86 79 23 93 56 15 0 83 6 62 43 31 55 18 84 80 34 91 28 48 94 13 16 88 67 76 58 71 39 20 40 10 97 89 27 51 38 19 44 64 81 17 82 53
TEST 22 ARG:77 54 78 42 87 65 92 4 63 29 47 5 46 96 22 72 70 61 57 49 75 24 3 9 35 99 95 14 69 7 73 50 90 41 21 12 25 68 60 45 98 8 37 2 74 59 32 30 52 36 66 33 85 26 1 11 86 79 23 93 56 15 0 83 6 62 43 31 55 18 84 80 34 91 28 48 94 13 16 88 67 76 58 71 39 20 40 10 97 89 27 51 38 19 44 64 81 17 82 53
TEST 23 ARG:41 64 3 25 84 98 92 31 90 32 61 68 7 86 36 53 44 82 94 1 85 28 57 50 49 34 37 12 95 54 0 99 52 87 51 96 63 39 58 21 16 75 22 97 48 2 59 38 77 29 65 69 46 6 79 19 42 11 74 55 80 10 18 73 27 35 4 8 40 72 20 66 14 17 13 26 30 33 24 76 88 45 93 60 23 9 15 56 89 91 78 62 67 71 83 47 81 70 43 5
TEST 23 ARG:41 64 3 25 84 98 92 31 90 32 61 68 7 86 36 53 44 82 94 1 85 28 57 50 49 34 37 12 95 54 0 99 52 87 51 96 63 39 58 21 16 75 22 97 48 2 59 38 77 29 65 69 46 6 79 19 42 11 74 55 80 10 18 73 27 35 4 8 40 72 20 66 14 17 13 26 30 33 24 76 88 45 93 60 23 9 15 56 89 91 78 62 67 71 83 47 81 70 43 5
TEST 24 ARG:26 19 4 28 76 74 29 23 7 99 60 44 22 69 1 78 49 81 58 84 62 3 86 0 46 80 37 20 98 12 87 85 56 8 35 59 43 42 30 72 5 9 93 64 61 11 34 54 14 6 66 39 32 31 36 24 91 21 25 92 75 40 89 16 53 97 10 51 18 15 82 94 45 71 65 33 50 77 13 2 96 79 83 63 47 52 70 38 67 27 55 57 48 68 41 17 88 95 90 73
TEST 24 ARG:26 19 4 28 76 74 29 23 7 99 60 44 22 69 1 78 49 81 58 84 62 3 86 0 46 80 37 20 98 12 87 85 56 8 35 59 43 42 30 72 5 9 93 64 61 11 34 54 14 6 66 39 32 31 36 24 91 21 25 92 75 40 89 16 53 97 10 51 18 15 82 94 45 71 65 33 50 77 13 2 96 79 83 63 47 52 70 38 67 27 55 57 48 68 41 17 88 95 90 73
TEST 25 ARG:13 51 30 65 44 40 97 53 11 70 49 45 57 43 29 5 28 96 54 71 67 20 32 2 31 86 64 1 76 75 38 77 90 8 6 48 78 85 16 4 37 24 56 79 59 50 10 61 3 63 21 58 36 73 26 68 81 22 72 47 88 84 12 18 14 82 94 23 7 80 34 66 55 33 46 74 39 69 19 89 9 95 27 83 35 42 0 52 62 15 60 92 17 25 41 99 91 98 87 93
TEST 25 ARG:13 51 30 65 44 40 97 53 11 70 49 45 57 43 29 5 28 96 54 71 67 20 32 2 31 86 64 1 76 75 38 77 90 8 6 48 78 85 16 4 37 24 56 79 59 50 10 61 3 63 21 58 36 73 26 68 81 22 72 47 88 84 12 18 14 82 94 23 7 80 34 66 55 33 46 74 39 69 19 89 9 95 27 83 35 42 0 52 62 15 60 92 17 25 41 99 91 98 87 93
TEST 26 ARG:9 21 38 97 80 67 19 61 10 32 90 51 68 18 94 86 2 56 4 30 36 75 28 49 96 84 64 91 48 41 52 8 60 89 16 74 40 88 59 27 87 82 11 79 47 17 85 66 73 1 54 37 77 53 24 46 83 25 65 76 7 62 71 22 55 35 43 99 26 34 92 58 42 5 50 33 6 70 44 15 31 12 63 57 98 81 69 29 39 13 3 45 14 72 23 0 20 78 95 93
TEST 26 ARG:9 21 38 97 80 67 19 61 10 32 90 51 68 18 94 86 2 56 4 30 36 75 28 49 96 84 64 91 48 41 52 8 60 89 16 74 40 88 59 27 87 82 11 79 47 17 85 66 73 1 54 37 77 53 24 46 83 25 65 76 7 62 71 22 55 35 43 99 26 34 92 58 42 5 50 33 6 70 44 15 31 12 63 57 98 81 69 29 39 13 3 45 14 72 23 0 20 78 95 93
TEST 27 ARG:1 20 56 40 8 78 34 10 27 37 55 83 88 5 74 60 90 49 89 93 9 13 50 95 42 66 75 2 32 57 0 73 59 81 61 30 31 72 19 29 69 15 82 24 6 23 43 16 62 36 12 11 52 33 54 38 48 45 51 47 65 68 63 46 94 7 92 4 58 28 41 35 70 98 77 67 84 87 85 53 3 91 14 64 17 71 99 21 26 44 79 39 80 25 86 22 18 97 76 96
TEST 27 ARG:1 20 56 40 8 78 34 10 27 37 55 83 88 5 74 60 90 49 89 93 9 13 50 95 42 66 75 2 32 57 0 73 59 81 61 30 31 72 19 29 69 15 82 24 6 23 43 16 62 36 12 11 52 33 54 38 48 45 51 47 65 68 63 46 94 7 92 4 58 28 41 35 70 98 77 67 84 87 85 53 3 91 14 64 17 71 99 21 26 44 79 39 80 25 86 22 18 97 76 96
TEST 28 ARG:83 14 57 19 98 86 33 96 28 77 6 35 62 66 51 68 81 44 97 9 49 94 16 39 10 55 40 88 52 12 56 61 20 42 0 34 90 70 43 73 18 25 38 41 30 76 5 99 46 75 84 24 53 59 45 47 1 64 63 89 4 65 50 23 27 8 74 26 2 91 80 69 72 3 58 31 7 37 67 71 60 36 29 15 95 13 17 32 79 78 85 82 22 93 48 21 11 54 92 87
TEST 28 ARG:83 14 57 19 98 86 33 96 28 77 6 35 62 66 51 68 81 44 97 9 49 94 16 39 10 55 40 88 52 12 56 61 20 42 0 34 90 70 43 73 18 25 38 41 30 76 5 99 46 75 84 24 53 59 45 47 1 64 63 89 4 65 50 23 27 8 74 26 2 91 80 69 72 3 58 31 7 37 67 71 60 36 29 15 95 13 17 32 79 78 85 82 22 93 48 21 11 54 92 87
TEST 29 ARG:48 11 9 98 0 69 53 23 95 33 70 29 90 91 46 4 93 84 72 22 25 89 24 1 47 15 56 52 55 66 50 19 79 45 76 8 60 96 14 30 2 67 87 42 21 49 44 36 16 68 61 28 26 20 18 3 63 85 37 41 62 38 73 92 88 6 78 97 75 39 58 83 7 40 13 10 81 35 31 65 51 64 27 57 86 82 54 12 17 5 77 74 99 34 71 94 32 80 59 43
TEST 29 ARG:48 11 9 98 0 69 53 23 95 33 70 29 90 91 46 4 93 84 72 22 25 89 24 1 47 15 56 52 55 66 50 19 79 45 76 8 60 96 14 30 2 67 87 42 21 49 44 36 16 68 61 28 26 20 18 3 63 85 37 41 62 38 73 92 88 6 78 97 75 39 58 83 7 40 13 10 81 35 31 65 51 64 27 57 86 82 54 12 17 5 77 74 99 34 71 94 32 80 59 43
TEST 30 ARG:34 51 61 14 21 23 44 12 20 41 32 3 99 4 19 98 33 75 53 57 78 97 81 6 18 24 67 47 59 11 25 56 63 83 70 27 84 8 92 29 17 22 35 76 30 26 49 64 87 13 96 73 40 58 60 68 15 42 37 88 62 80 16 45 52 91 71 74 90 7 46 82 89 1 50 54 43 48 85 31 39 77 5 55 9 10 65 0 79 93 69 94 86 2 66 72 36 38 28 95
TEST 30 ARG:34 51 61 14 21 23 44 12 20 41 32 3 99 4 19 98 33 75 53 57 78 97 81 6 18 24 67 47 59 11 25 56 63 83 70 27 84 8 92 29 17 22 35 76 30 26 49 64 87 13 96 73 40 58 60 68 15 42 37 88 62 80 16 45 52 91 71 74 90 7 46 82 89 1 50 54 43 48 85 31 39 77 5 55 9 10 65 0 79 93 69 94 86 2 66 72 36 38 28 95
TEST 31 ARG:62 38 98 15 82 71 92 65 34 87 26 28 40 64 94 60 2 41 10 99 31 5 84 44 58 9 72 88 43 25 86 56 66 11 1 50 16 27 4 7 48 0 91 8 95 24 32 68 35 6 47 12 18 37 19 51 49 89 52 55 63 57 3 53 75 17 93 83 30 23 90 79 80 22 36 20 77 14 21 42 97 46 78 73 96 81 13 39 69 61 85 74 45 29 70 67 59 76 54 33
TEST 31 ARG:62 38 98 15 82 71 92 65 34 87 26 28 40 64 94 60 2 41 10 99 31 5 84 44 58 9 72 88 43 25 86 56 66 11 1 50 16 27 4 7 48 0 91 8 95 24 32 68 35 6 47 12 18 37 19 51 49 89 52 55 63 57 3 53 75 17 93 83 30 23 90 79 80 22 36 20 77 14 21 42 97 46 78 73 96 81 13 39 69 61 85 74 45 29 70 67 59 76 54 33
TEST 32 ARG:42 24 1 93 4 38 51 31 87 16 81 95 8 74 12 37 43 86 45 98 14 94 13 63 67 58 90 89 82 77 25 69 88 41 76 32 26 21 44 96 73 29 91 62 39 66 71 6 22 80 48 49 47 5 10 52 83 97 15 0 18 46 70 60 84 56 36 75 99 28 2 30 61 78 64 40 72 23 33 34 11 19 7 57 68 59 35 17 79 9 50 54 85 20 27 55 53 3 65 92
TEST 32 ARG:42 24 1 93 4 38 51 31 87 16 81 95 8 74 12 37 43 86 45 98 14 94 13 63 67 58 90 89 82 77 25 69 88 41 76 32 26 21 44 96 73 29 91 62 39 66 71 6 22 80 48 49 47 5 10 52 83 97 15 0 18 46 70 60 84 56 36 75 99 28 2 30 61 78 64 40 72 23 33 34 11 19 7 57 68 59 35 17 79 9 50 54 85 20 27 55 53 3 65 92
TEST 33 ARG:55 36 64 18 74 40 52 54 68 94 77 81 9 58 22 80 34 45 73 62 56 6 60 16 20 26 24 13 21 7 51 65 8 61 4 32 92 29 31 2 95 79 85 28 71 35 82 48 23 47 30 84 53 83 72 37 42 69 43 14 33 90 41 38 15 25 76 27 78 66 88 86 98 46 75 50 59 57 49 91 11 96 5 87 19 63 70 12 89 10 3 97 0 39 1 17 99 44 93 67
TEST 33 ARG:55 36 64 18 74 40 52 54 68 94 77 81 9 58 22 80 34 45 73 62 56 6 60 16 20 26 24 13 21 7 51 65 8 61 4 32 92 29 31 2 95 79 85 28 71 35 82 48 23 47 30 84 53 83 72 37 42 69 43 14 33 90 41 38 15 25 76 27 78 66 88 86 98 46 75 50 59 57 49 91 11 96 5 87 19 63 70 12 89 10 3 97 0 39 1 17 99 44 93 67
TEST 34 ARG:91 76 96 42 51 12 53 32 34 69 41 23 94 54 65 70 15 59 21 90 71 61 0 79 25 55 38 30 47 24 22 64 36 88 57 84 7 31 10 95 3 5 75 11 63 62 68 37 46 86 58 78 14 33 18 26 49 85 13 87 35 8 74 89 83 17 44 28 45 29 48 72 66 27 92 2 67 6 56 81 43 9 97 50 93 20 19 40 82 77 73 80 52 1 4 98 39 16 99 60
TEST 34 ARG:91 76 96 42 51 12 53 32 34 69 41 23 94 54 65 70 15 59 21 90 71 61 0 79 25 55 38 30 47 24 22 64 36 88 57 84 7 31 10 95 3 5 75 11 63 62 68 37 46 86 58 78 14 33 18 26 49 85 13 87 35 8 74 89 83 17 44 28 45 29 48 72 66 27 92 2 67 6 56 81 43 9 97 50 93 20 19 40 82 77 73 80 52 1 4 98 39 16 99 60
TEST 35 ARG:1 44 7 90 53 43 68 12 95 50 78 32 58 84 70 75 88 46 37 49 85 11 21 81 5 36 92 33 56 98 61 97 77 67 30 45 6 25 59 26 89 19 64 20 9 28 48 40 91 35 55 42 86 29 62 18 4 79 39 3 94 14 54 2 41 52 96 24 13 65 71 63 22 99 16 10 82 66 8 57 31 93 73 34 74 17 76 51 60 72 47 23 15 0 83 38 27 69 87 80
TEST 35 ARG:1 44 7 90 53 43 68 12 95 50 78 32 58 84 70 75 88 46 37 49 85 11 21 81 5 36 92 33 56 98 61 97 77 67 30 45 6 25 59 26 89 19 64 20 9 28 48 40 91 35 55 42 86 29 62 18 4 79 39 3 94 14 54 2 41 52 96 24 13 65 71 63 22 99 16 10 82 66 8 57 31 93 73 34 74 17 76 51 60 72 47 23 15 0 83 38 27 69 87 80
TEST 36 ARG:37 10 85 95 82 43 4 71 3 11 24 21 78 50 70 73 22 32 72 88 81 33 41 25 68 83 84 28 45 34 90 18 59 74 53 13 40 67 31 92 51 2 0 38 9 91 17 69 16 57 20 66 7 86 52 44 12 47 39 30 29 1 87 93 63 56 75 97 42 58 26 54 35 79 99 60 65 94 62 23 5 6 46 64 19 98 96 76 89 55 36 14 8 27 80 77 48 61 15 49
TEST 36 ARG:37 10 85 95 82 43 4 71 3 11 24 21 78 50 70 73 22 32 72 88 81 33 41 25 68 83 84 28 45 34 90 18 59 74 53 13 40 67 31 92 51 2 0 38 9 91 17 69 16 57 20 66 7 86 52 44 12 47 39 30 29 1 87 93 63 56 75 97 42 58 26 54 35 79 99 60 65 94 62 23 5 6 46 64 19 98 96 76 89 55 36 14 8 27 80 77 48 61 15 49
TEST 37 ARG:65 39 28 25 63 60 77 70 37 47 42 94 72 99 68 53 59 8 89 46 84 31 20 11 56 9 17 19 16 67 44 78 74 4 33 15 92 95 6 32 76 36 66 87 43 93 83 13 52 54 79 81 30 96 58 21 26 49 38 61 51 2 62 18 40 24 1 45 35 97 48 69 27 3 98 71 12 88 82 7 91 41 50 55 5 64 0 80 14 29 73 90 23 75 86 34 85 10 22 57
TEST 37 ARG:65 39 28 25 63 60 77 70 37 47 42 94 72 99 68 53 59 8 89 46 84 31 20 11 56 9 17 19 16 67 44 78 74 4 33 15 92 95 6 32 76 36 66 87 43 93 83 13 52 54 79 81 30 96 58 21 26 49 38 61 51 2 62 18 40 24 1 45 35 97 48 69 27 3 98 71 12 88 82 7 91 41 50 55 5 64 0 80 14 29 73 90 23 75 86 34 85 10 22 57
TEST 38 ARG:10 81 13 27 6 2 48 31 74 60 94 80 28 76 49 58 69 5 34 37 40 99 67 3 62 52 21 35 51 61 9 53 54 42 85 88 57 83 87 66 41 91 38 90 84 97 15 65 32 36 79 46 68 18 16 22 92 24 95 89 14 1 82 30 20 73 86 59 29 56 50 26 11 39 75 23 77 33 78 45 70 43 55 63 4 44 96 93 47 72 8 17 12 25 7 71 19 0 64 98
TEST 38 ARG:10 81 13 27 6 2 48 31 74 60 94 80 28 76 49 58 69 5 34 37 40 99 67 3 62 52 21 35 51 61 9 53 54 42 85 88 57 83 87 66 41 91 38 90 84 97 15 65 32 36 79 46 68 18 16 22 92 24 95 89 14 1 82 30 20 73 86 59 29 56 50 26 11 39 75 23 77 33 78 45 70 43 55 63 4 44 96 93 47 72 8 17 12 25 7 71 19 0 64 98
TEST 39 ARG:96 75 74 0 95 85 12 79 87 98 47 65 38 23 1 31 19 94 41 49 56 68 63 48 84 45 93 11 50 42 24 88 27 72 73 83 22 91 28 5 61 9 82 34 69 14 29 10 46 20 4 3 52 57 80 36 51 39 71 25 99 58 54 92 67 2 89 40 15 77 76 43 21 53 66 32 6 86 33 78 18 64 70 30 55 37 90 26 60 13 81 7 35 62 16 44 17 8 97 59
TEST 39 ARG:96 75 74 0 95 85 12 79 87 98 47 65 38 23 1 31 19 94 41 49 56 68 63 48 84 45 93 11 50 42 24 88 27 72 73 83 22 91 28 5 61 9 82 34 69 14 29 10 46 20 4 3 52 57 80 36 51 39 71 25 99 58 54 92 67 2 89 40 15 77 76 43 21 53 66 32 6 86 33 78 18 64 70 30 55 37 90 26 60 13 81 7 35 62 16 44 17 8 97 59
TEST 40 ARG:55 5 73 38 67 32 81 49 27 87 15 93 41 26 58 29 77 52 12 31 86 30 59 2 66 97 17 69 83 18 6 46 8 88 60 48 82 20 35 14 16 96 33 3 47 25 9 89 54 42 64 90 61 95 76 23 21 45 99 91 7 13 80 50 85 51 22 57 36 78 0 53 24 84 1 75 62 44 74 65 94 34 72 56 28 39 19 40 11 68 43 98 63 79 92 70 37 4 10 71
TEST 40 ARG:55 5 73 38 67 32 81 49 27 87 15 93 41 26 58 29 77 52 12 31 86 30 59 2 66 97 17 69 83 18 6 46 8 88 60 48 82 20 35 14 16 96 33 3 47 25 9 89 54 42 64 90 61 95 76 23 21 45 99 91 7 13 80 50 85 51 22 57 36 78 0 53 24 84 1 75 62 44 74 65 94 34 72 56 28 39 19 40 11 68 43 98 63 79 92 70 37 4 10 71
TEST 41 ARG:45 73 84 11 66 32 33 21 81 69 68 90 10 17 67 83 89 61 37 51 35 8 65 24 96 78 34 95 25 60 38 5 55 54 63 94 13 12 85 52 14 71 23 75 42 70 57 3 74 98 41 29 97 9 82 40 27 49 91 56 1 47 46 76 28 44 43 88 39 2 26 22 59 77 86 58 16 6 4 64 18 30 79 62 93 20 80 31 99 19 15 50 53 0 87 48 7 36 72 92
TEST 41 ARG:45 73 84 11 66 32 33 21 81 69 68 90 10 17 67 83 89 61 37 51 35 8 65 24 96 78 34 95 25 60 38 5 55 54 63 94 13 12 85 52 14 71 23 75 42 70 57 3 74 98 41 29 97 9 82 40 27 49 91 56 1 47 46 76 28 44 43 88 39 2 26 22 59 77 86 58 16 6 4 64 18 30 79 62 93 20 80 31 99 19 15 50 53 0 87 48 7 36 72 92
TEST 42 ARG:29 42 69 11 27 3 46 93 8 9 72 73 38 15 22 85 13 79 7 4 97 12 61 59 21 16 87 83 43 19 10 50 34 86 48 66 55 96 80 25 67 40 28 45 64 98 6 90 1 77 84 78 60 41 57 54 37 68 95 24 62 70 99 0 49 26 51 44 92 75 65 88 30 58 74 82 33 2 20 52 81 17 39 94 89 91 63 31 32 5 56 35 53 23 18 76 14 71 47 36
TEST 42 ARG:29 42 69 11 27 3 46 93 8 9 72 73 38 15 22 85 13 79 7 4 97 12 61 59 21 16 87 83 43 19 10 50 34 86 48 66 55 96 80 25 67 40 28 45 64 98 6 90 1 77 84 78 60 41 57 54 37 68 95 24 62 70 99 0 49 26 51 44 92 75 65 88 30 58 74 82 33 2 20 52 81 17 39 94 89 91 63 31 32 5 56 35 53 23 18 76 14 71 47 36
TEST 43 ARG:49 22 72 4 81 54 95 18 51 45 69 34 83 41 55 99 16 75 8 30 15 52 9 79 14 58 27 50 97 29 93 40 96 85 48 84 60 88 36 39 38 56 26 66 7 21 20 46 32 10 23 65 35 70 19 61 28 6 53 59 3 42 92 12 64 17 98 24 94 57 0 68 63 62 77 82 1 76 86 47 25 74 73 78 33 44 43 67 89 11 90 91 31 5 37 2 71 80 87 13
TEST 43 ARG:49 22 72 4 81 54 95 18 51 45 69 34 83 41 55 99 16 75 8 30 15 52 9 79 14 58 27 50 97 29 93 40 96 85 48 84 60 88 36 39 38 56 26 66 7 21 20 46 32 10 23 65 35 70 19 61 28 6 53 59 3 42 92 12 64 17 98 24 94 57 0 68 63 62 77 82 1 76 86 47 25 74 73 78 33 44 43 67 89 11 90 91 31 5 37 2 71 80 87 13
TEST 44 ARG:87 25 15 78 16 57 79 99 36 67 62 74 22 28 77 8 89 64 1 47 92 19 76 96 38 27 11 12 7 40 83 56 81 84 14 41 30 32 68 94 54 88 24 65 63 86 42 70 21 85 26 3 53 0 48 91 34 45 80 6 75 43 82 33 72 69 10 73 29 13 20 95 4 51 44 50 71 23 60 49 61 98 52 5 55 39 2 90 37 97 17 46 58 35 93 59 9 66 31 18
TEST 44 ARG:87 25 15 78 16 57 79 99 36 67 62 74 22 28 77 8 89 64 1 47 92 19 76 96 38 27 11 12 7 40 83 56 81 84 14 41 30 32 68 94 54 88 24 65 63 86 42 70 21 85 26 3 53 0 48 91 34 45 80 6 75 43 82 33 72 69 10 73 29 13 20 95 4 51 44 50 71 23 60 49 61 98 52 5 55 39 2 90 37 97 17 46 58 35 93 59 9 66 31 18
TEST 45 ARG:59 71 7 74 26 83 35 27 38 82 39 72 24 18 34 20 91 84 11 47 53 33 36 51 6 95 64 31 1 52 87 43 22 86 29 40 55 19 99 60 28 46 50 77 70 9 61 21 63 62 56 41 85 66 30 80 67 8 16 81 98 76 25 73 37 68 93 13 75 5 45 78 3 0 96 57 92 58 48 10 69 15 12 97 79 42 94 54 44 2 4 14 49 17 23 32 89 90 65 88
TEST 45 ARG:59 71 7 74 26 83 35 27 38 82 39 72 24 18 34 20 91 84 11 47 53 33 36 51 6 95 64 31 1 52 87 43 22 86 29 40 55 19 99 60 28 46 50 77 70 9 61 21 63 62 56 41 85 66 30 80 67 8 16 81 98 76 25 73 37 68 93 13 75 5 45 78 3 0 96 57 92 58 48 10 69 15 12 97 79 42 94 54 44 2 4 14 49 17 23 32 89 90 65 88
TEST 46 ARG:22 93 52 0 58 89 21 46 88 20 11 53 29 14 18 33 16 42 79 6 35 9 75 40 96 54 99 45 62 86 38 13 57 31 80 44 59 78 84 83 55 90 81 25 36 68 3 34 98 4 43 26 12 49 41 82 24 7 60 27 97 15 67 77 95 39 74 69 37 19 72 28 51 8 17 50 56 64 76 70 5 2 47 66 61 91 65 73 23 85 63 48 1 94 32 30 87 92 71 10
TEST 46 ARG:22 93 52 0 58 89 21 46 88 20 11 53 29 14 18 33 16 42 79 6 35 9 75 40 96 54 99 45 62 86 38 13 57 31 80 44 59 78 84 83 55 90 81 25 36 68 3 34 98 4 43 26 12 49 41 82 24 7 60 27 97 15 67 77 95 39 74 69 37 19 72 28 51 8 17 50 56 64 76 70 5 2 47 66 61 91 65 73 23 85 63 48 1 94 32 30 87 92 71 10
TEST 47 ARG:70 59 95 84 97 62 88 87 28 13 23 90 77 24 33 50 61 66 29 67 63 46 34 79 98 58 45 18 49 4 57 56 32 16 15 8 37 7 2 1 85 69 71 36 83 3 89 10 38 81 86 40 20 44 6 96 0 72 42 25 41 54 75 48 43 76 51 60 27 68 30 64 80 12 47 73 55 35 39 53 14 78 92 93 65 17 11 31 99 26 82 74 5 91 22 9 52 94 21 19
TEST 47 ARG:70 59 95 84 97 62 88 87 28 13 23 90 77 24 33 50 61 66 29 67 63 46 34 79 98 58 45 18 49 4 57 56 32 16 15 8 37 7 2 1 85 69 71 36 83 3 89 10 38 81 86 40 20 44 6 96 0 72 42 25 41 54 75 48 43 76 51 60 27 68 30 64 80 12 47 73 55 35 39 53 14 78 92 93 65 17 11 31 99 26 82 74 5 91 22 9 52 94 21 19
TEST 48 ARG:46 15 89 56 96 66 32 58 79 7 91 25 4 80 1 52 42 2 41 44 86 62 99 76 64 65 48 82 71 26 92 13 94 24 74 23 35 57 72 14 90 9 36 3 43 30 29 75 97 45 78 47 33 77 12 69 54 22 6 68 60 51 11 28 37 5 20 17 8 0 50 38 40 19 61 55 34 88 87 67 59 73 98 31 21 81 85 39 16 27 53 93 18 83 84 49 63 10 95 70
TEST 48 ARG:46 15 89 56 96 66 32 58 79 7 91 25 4 80 1 52 42 2 41 44 86 62 99 76 64 65 48 82 71 26 92 13 94 24 74 23 35 57 72 14 90 9 36 3 43 30 29 75 97 45 78 47 33 77 12 69 54 22 6 68 60 51 11 28 37 5 20 17 8 0 50 38 40 19 61 55 34 88 87 67 59 73 98 31 21 81 85 39 16 27 53 93 18 83 84 49 63 10 95 70
TEST 49 ARG:81 23 29 59 84 30 26 96 8 82 43 76 20 32 38 67 45 46 80 54 49 27 1 51 47 58 28 4 62 19 33 48 5 10 87 91 39 88 16 3 64 50 25 57 55 70 13 21 15 97 79 95 94 37 14 98 77 2 63 83 52 85 75 60 7 41 0 71 22 99 18 74 42 65 78 86 89 61 92 35 72 93 34 17 6 68 69 9 56 44 24 53 11 73 31 66 40 90 36 12
TEST 49 ARG:81 23 29 59 84 30 26 96 8 82 43 76 20 32 38 67 45 46 80 54 49 27 1 51 47 58 28 4 62 19 33 48 5 10 87 91 39 88 16 3 64 50 25 57 55 70 13 21 15 97 79 95 94 37 14 98 77 2 63 83 52 85 75 60 7 41 0 71 22 99 18 74 42 65 78 86 89 61 92 35 72 93 34 17 6 68 69 9 56 44 24 53 11 73 31 66 40 90 36 12
TEST 50 ARG:68 23 31 9 2 61 1 32 72 8 88 67 17 45 40 7 48 93 5 35 80 33 85 41 99 73 81 89 96 56 46 50 87 11 6 18 38 90 30 49 75 74 25 47 51 27 79 20 53 52 70 15 97 63 66 36 55 4 62 92 54 21 3 76 60 12 57 58 29 71 59 86 43 82 26 37 77 64 0 94 44 42 24 14 39 84 34 13 19 98 16 22 91 78 65 69 28 95 83 10
TEST 50 ARG:68 23 31 9 2 61 1 32 72 8 88 67 17 45 40 7 48 93 5 35 80 33 85 41 99 73 81 89 96 56 46 50 87 11 6 18 38 90 30 49 75 74 25 47 51 27 79 20 53 52 70 15 97 63 66 36 55 4 62 92 54 21 3 76 60 12 57 58 29 71 59 86 43 82 26 37 77 64 0 94 44 42 24 14 39 84 34 13 19 98 16 22 91 78 65 69 28 95 83 10
TEST 51 ARG:40 25 96 88 77 52 2 64 11 14 24 99 39 36 6 3 71 44 34 59 90 63 35 10 53 7 29 92 83 19 60 73 8 28 42 81 46 22 87 68 57 85 95 47 9 86 49 20 48 66 0 41 12 61 58 78 30 80 15 51 5 74 75 26 37 27 69 70 55 43 33 67 16 38 54 50 31 17 62 21 23 94 32 98 76 84 93 82 91 45 18 1 72 56 89 79 13 65 97 4
TEST 51 ARG:40 25 96 88 77 52 2 64 11 14 24 99 39 36 6 3 71 44 34 59 90 63 35 10 53 7 29 92 83 19 60 73 8 28 42 81 46 22 87 68 57 85 95 47 9 86 49 20 48 66 0 41 12 61 58 78 30 80 15 51 5 74 75 26 37 27 69 70 55 43 33 67 16 38 54 50 31 17 62 21 23 94 32 98 76 84 93 82 91 45 18 1 72 56 89 79 13 65 97 4
TEST 52 ARG:30 42 90 71 28 5 3 85 7 56 94 26 87 93 45 63 23 83 49 46 58 1 84 53 16 44 24 21 34 96 61 6 65 88 64 22 62 79 55 92 9 18 89 72 32 97 2 51 80 67 47 48 81 78 54 10 14 4 59 20 43 31 75 0 12 25 39 37 66 77 82 95 33 41 99 69 29 68 73 86 27 38 19 8 76 13 52 11 35 98 70 74 17 50 57 40 15 60 36 91
TEST 52 ARG:30 42 90 71 28 5 3 85 7 56 94 26 87 93 45 63 23 83 49 46 58 1 84 53 16 44 24 21 34 96 61 6 65 88 64 22 62 79 55 92 9 18 89 72 32 97 2 51 80 67 47 48 81 78 54 10 14 4 59 20 43 31 75 0 12 25 39 37 66 77 82 95 33 41 99 69 29 68 73 86 27 38 19 8 76 13 52 11 35 98 70 74 17 50 57 40 15 60 36 91
TEST 53 ARG:31 13 91 24 15 53 73 40 35 22 33 3 61 62 4 20 86 0 45 99 77 28 74 89 88 50 58 64 97 1 70 44 7 59 95 41 11 57 78 79 65 92 8 43 18 55 46 90 25 26 30 34 56 17 27 80 54 52 37 76 48 12 14 82 23 94 69 66 32 42 75 60 47 83 39 6 67 84 49 98 9 38 5 51 63 36 29 72 81 19 96 87 2 10 85 16 68 21 93 71
TEST 53 ARG:31 13 91 24 15 53 73 40 35 22 33 3 61 62 4 20 86 0 45 99 77 28 74 89 88 50 58 64 97 1 70 44 7 59 95 41 11 57 78 79 65 92 8 43 18 55 46 90 25 26 30 34 56 17 27 80 54 52 37 76 48 12 14 82 23 94 69 66 32 42 75 60 47 83 39 6 67 84 49 98 9 38 5 51 63 36 29 72 81 19 96 87 2 10 85 16 68 21 93 71
TEST 54 ARG:78 59 80 52 67 66 27 75 61 84 35 30 64 0 62 82 71 23 18 45 70 99 96 2 8 47 36 41 50 3 69 7 17 76 20 55 56 63 26 58 25 90 86 9 34 31 29 43 33 15 81 77 88 53 1 57 10 83 12 4 16 21 39 5 37 98 87 32 93 38 97 46 85 40 91 24 65 60 74 28 42 44 54 14 73 11 19 79 72 22 51 49 13 89 6 94 68 95 48 92
TEST 54 ARG:78 59 80 52 67 66 27 75 61 84 35 30 64 0 62 82 71 23 18 45 70 99 96 2 8 47 36 41 50 3 69 7 17 76 20 55 56 63 26 58 25 90 86 9 34 31 29 43 33 15 81 77 88 53 1 57 10 83 12 4 16 21 39 5 37 98 87 32 93 38 97 46 85 40 91 24 65 60 74 28 42 44 54 14 73 11 19 79 72 22 51 49 13 89 6 94 68 95 48 92
TEST 55 ARG:41 33 57 0 15 69 88 14 12 8 39 92 34 65 97 51 6 21 98 43 94 80 13 71 68 24 89 55 22 91 52 62 86 10 93 53 48 28 67 76 44 99 87 83 73 61 70 16 85 74 72 64 90 1 23 4 60 7 66 2 11 77 27 95 37 45 17 96 42 18 47 54 75 35 31 81 19 63 84 29 9 25 26 82 79 58 32 3 30 5 56 40 46 59 49 38 78 36 20 50
TEST 55 ARG:41 33 57 0 15 69 88 14 12 8 39 92 34 65 97 51 6 21 98 43 94 80 13 71 68 24 89 55 22 91 52 62 86 10 93 53 48 28 67 76 44 99 87 83 73 61 70 16 85 74 72 64 90 1 23 4 60 7 66 2 11 77 27 95 37 45 17 96 42 18 47 54 75 35 31 81 19 63 84 29 9 25 26 82 79 58 32 3 30 5 56 40 46 59 49 38 78 36 20 50
TEST 56 ARG:18 11 31 41 53 5 92 10 56 73 39 3 47 98 99 12 96 25 63 26 61 13 29 81 42 58 36 69 35 94 90 55 68 70 85 82 2 91 7 34 8 88 76 33 83 24 49 51 77 15 57 1 19 54 22 78 64 75 89 65 46 97 37 21 60 84 59 38 30 9 17 0 4 28 80 79 20 67 44 14 6 43 27 50 86 93 62 48 40 87 45 23 66 95 74 71 32 16 72 52
TEST 56 ARG:18 11 31 41 53 5 92 10 56 73 39 3 47 98 99 12 96 25 63 26 61 13 29 81 42 58 36 69 35 94 90 55 68 70 85 82 2 91 7 34 8 88 76 33 83 24 49 51 77 15 57 1 19 54 22 78 64 75 89 65 46 97 37 21 60 84 59 38 30 9 17 0 4 28 80 79 20 67 44 14 6 43 27 50 86 93 62 48 40 87 45 23 66 95 74 71 32 16 72 52
TEST 57 ARG:84 76 34 10 92 87 51 16 73 99 80 22 17 12 75 90 65 32 13 85 81 61 69 14 37 86 74 57 15 56 78 18 39 7 30 21 67 27 64 2 25 47 48 35 60 95 36 11 79 33 31 0 38 3 29 53 62 63 43 82 41 98 4 54 59 6 97 5 23 96 91 58 50 72 8 71 89 26 9 66 55 1 42 20 28 77 44 49 24 68 83 93 45 46 94 19 52 70 88 40
TEST 57 ARG:84 76 34 10 92 87 51 16 73 99 80 22 17 12 75 90 65 32 13 85 81 61 69 14 37 86 74 57 15 56 78 18 39 7 30 21 67 27 64 2 25 47 48 35 60 95 36 11 79 33 31 0 38 3 29 53 62 63 43 82 41 98 4 54 59 6 97 5 23 96 91 58 50 72 8 71 89 26 9 66 55 1 42 20 28 77 44 49 24 68 83 93 45 46 94 19 52 70 88 40
TEST 58 ARG:89 9 38 19 32 50 21 14 56 76 63 18 1 97 99 80 87 58 3 5 57 92 90 20 62 85 0 33 22 7 46 45 13 37 27 83 70 88 79 48 54 71 64 12 81 47 55 44 67 17 30 68 28 40 6 72 26 93 96 77 82 60 31 98 52 4 74 10 25 59 69 16 94 34 24 8 29 66 91 84 61 43 86 2 36 35 15 42 53 65 23 75 51 95 49 78 39 11 73 41
TEST 58 ARG:89 9 38 19 32 50 21 14 56 76 63 18 1 97 99 80 87 58 3 5 57 92 90 20 62 85 0 33 22 7 46 45 13 37 27 83 70 88 79 48 54 71 64 12 81 47 55 44 67 17 30 68 28 40 6 72 26 93 96 77 82 60 31 98 52 4 74 10 25 59 69 16 94 34 24 8 29 66 91 84 61 43 86 2 36 35 15 42 53 65 23 75 51 95 49 78 39 11 73 41
TEST 59 ARG:33 25 69 72 73 83 41 87 6 97 63 28 19 54 13 17 64 86 30 56 23 7 24 95 32 18 50 22 99 9 5 3 79 85 36 40 34 21 39 65 47 94 68 75 60 74 48 2 66 51 93 12 88 42 71 98 61 11 8 91 55 78 43 59 89 58 67 76 31 96 77 84 45 16 46 82 92 15 53 44 81 35 4 37 29 14 1 20 62 38 70 57 80 10 52 49 27 26 90 0
TEST 59 ARG:33 25 69 72 73 83 41 87 6 97 63 28 19 54 13 17 64 86 30 56 23 7 24 95 32 18 50 22 99 9 5 3 79 85 36 40 34 21 39 65 47 94 68 75 60 74 48 2 66 51 93 12 88 42 71 98 61 11 8 91 55 78 43 59 89 58 67 76 31 96 77 84 45 16 46 82 92 15 53 44 81 35 4 37 29 14 1 20 62 38 70 57 80 10 52 49 27 26 90 0
TEST 60 ARG:67 63 34 29 55 81 51 36 90 93 84 6 60 5 82 20 8 40 56 22 41 0 68 37 27 10 54 95 78 72 53 65 4 25 52 74 57 97 16 58 61 83 39 91 33 88 45 50 96 71 87 11 98 14 31 70 26 9 43 66 1 44 35 18 23 3 30 48 69 77 86 15 76 64 49 80 12 99 19 85 92 89 32 79 59 28 13 24 62 42 21 38 17 46 2 73 47 7 75 94
TEST 60 ARG:67 63 34 29 55 81 51 36 90 93 84 6 60 5 82 20 8 40 56 22 41 0 68 37 27 10 54 95 78 72 53 65 4 25 52 74 57 97 16 58 61 83 39 91 33 88 45 50 96 71 87 11 98 14 31 70 26 9 43 66 1 44 35 18 23 3 30 48 69 77 86 15 76 64 49 80 12 99 19 85 92 89 32 79 59 28 13 24 62 42 21 38 17 46 2 73 47 7 75 94
TEST 61 ARG:81 55 17 67 30 95 78 65 62 19 76 15 57 49 5 16 29 23 41 43 27 6 45 11 32 63 58 28 9 72 80 2 7 26 70 38 53 71 68 64 87 24 25 79 34 12 59 20 93 91 10 77 94 98 60 0 3 85 44 84 52 13 4 33 18 35 42 54 39 88 14 56 50 66 36 46 8 82 61 86 31 1 69 48 74 75 97 90 83 22 99 21 89 40 73 92 51 37 96 47
TEST 61 ARG:81 55 17 67 30 95 78 65 62 19 76 15 57 49 5 16 29 23 41 43 27 6 45 11 32 63 58 28 9 72 80 2 7 26 70 38 53 71 68 64 87 24 25 79 34 12 59 20 93 91 10 77 94 98 60 0 3 85 44 84 52 13 4 33 18 35 42 54 39 88 14 56 50 66 36 46 8 82 61 86 31 1 69 48 74 75 97 90 83 22 99 21 89 40 73 92 51 37 96 47
TEST 62 ARG:65 53 12 14 20 92 98 62 69 49 68 42 50 41 84 60 25 5 52 22 30 72 36 16 64 85 94 75 10 37 91 0 21 88 87 6 66 58 57 26 54 7 18 73 78 86 39 56 55 97 81 2 31 38 70 79 59 27 9 93 35 61 74 40 67 45 4 32 17 15 89 95 28 90 43 8 71 96 47 33 77 48 44 63 1 3 13 76 34 46 29 19 99 83 51 23 80 11 82 24
TEST 62 ARG:65 53 12 14 20 92 98 62 69 49 68 42 50 41 84 60 25 5 52 22 30 72 36 16 64 85 94 75 10 37 91 0 21 88 87 6 66 58 57 26 54 7 18 73 78 86 39 56 55 97 81 2 31 38 70 79 59 27 9 93 35 61 74 40 67 45 4 32 17 15 89 95 28 90 43 8 71 96 47 33 77 48 44 63 1 3 13 76 34 46 29 19 99 83 51 23 80 11 82 24
TEST 63 ARG:81 73 64 67 95 70 57 47 60 82 93 54 22 88 1 31 14 63 41 20 23 6 33 84 80 61 86 9 26 83 36 97 42 76 51 50 18 28 72 13 77 58 45 43 21 8 30 39 99 2 24 96 34 78 0 17 7 68 55 3 29 4 59 69 46 74 12 75 49 87 66 98 37 92 53 15 90 56 40 94 19 85 52 65 91 16 5 35 89 48 71 38 25 27 11 44 10 79 32 62
TEST 63 ARG:81 73 64 67 95 70 57 47 60 82 93 54 22 88 1 31 14 63 41 20 23 6 33 84 80 61 86 9 26 83 36 97 42 76 51 50 18 28 72 13 77 58 45 43 21 8 30 39 99 2 24 96 34 78 0 17 7 68 55 3 29 4 59 69 46 74 12 75 49 87 66 98 37 92 53 15 90 56 40 94 19 85 52 65 91 16 5 35 89 48 71 38 25 27 11 44 10 79 32 62
TEST 64 ARG:42 89 96 57 6 24 80 35 10 63 85 53 58 62 59 25 55 4 86 90 21 13 43 98 97 48 70 78 15 87 2 20 52 74 95 11 83 44 17 18 40 68 91 50 69 51 12 94 67 14 71 1 30 72 54 0 27 32 84 99 92 3 34 61 31 64 39 9 73 38 26 49 19 5 41 16 65 7 66 79 37 29 28 8 45 36 82 56 93 88 77 23 81 46 47 33 76 22 60 75
TEST 64 ARG:42 89 96 57 6 24 80 35 10 63 85 53 58 62 59 25 55 4 86 90 21 13 43 98 97 48 70 78 15 87 2 20 52 74 95 11 83 44 17 18 40 68 91 50 69 51 12 94 67 14 71 1 30 72 54 0 27 32 84 99 92 3 34 61 31 64 39 9 73 38 26 49 19 5 41 16 65 7 66 79 37 29 28 8 45 36 82 56 93 88 77 23 81 46 47 33 76 22 60 75
TEST 65 ARG:82 21 99 46 51 15 85 70 61 86 93 53 81 92 29 50 22 47 97 12 49 67 14 6 25 13 30 38 10 71 95 98 2 48 66 87 42 69 73 52 36 62 74 89 31 72 33 7 9 11 57 44 18 76 58 43 37 4 83 96 94 54 41 56 55 35 79 27 75 40 63 45 80 59 17 60 5 91 20 28 68 65 77 3 78 1 16 64 26 24 34 84 0 90 23 32 39 19 88 8
TEST 65 ARG:82 21 99 46 51 15 85 70 61 86 93 53 81 92 29 50 22 47 97 12 49 67 14 6 25 13 30 38 10 71 95 98 2 48 66 87 42 69 73 52 36 62 74 89 31 72 33 7 9 11 57 44 18 76 58 43 37 4 83 96 94 54 41 56 55 35 79 27 75 40 63 45 80 59 17 60 5 91 20 28 68 65 77 3 78 1 16 64 26 24 34 84 0 90 23 32 39 19 88 8
TEST 66 ARG:5 43 41 56 75 87 45 66 17 12 72 81 80 50 21 15 90 96 28 55 88 8 22 11 33 77 60 82 99 48 54 53 65 2 83 42 57 19 62 29 38 73 71 58 51 47 70 1 4 85 23 98 39 76 95 93 16 35 31 46 63 84 64 3 74 27 14 32 61 20 68 91 44 40 59 26 79 69 13 25 0 67 34 97 30 49 18 7 92 6 78 37 10 94 89 9 24 52 86 36
TEST 66 ARG:5 43 41 56 75 87 45 66 17 12 72 81 80 50 21 15 90 96 28 55 88 8 22 11 33 77 60 82 99 48 54 53 65 2 83 42 57 19 62 29 38 73 71 58 51 47 70 1 4 85 23 98 39 76 95 93 16 35 31 46 63 84 64 3 74 27 14 32 61 20 68 91 44 40 59 26 79 69 13 25 0 67 34 97 30 49 18 7 92 6 78 37 10 94 89 9 24 52 86 36
TEST 67 ARG:59 32 6 37 15 18 80 78 36 25 97 98 17 50 26 89 76 12 75 99 5 95 3 34 63 56 22 70 72 19 42 61 9 1 82 24 86 55 23 53 13 2 4 27 57 39 46 48 79 51 7 87 83 40 81 43 11 14 41 16 0 54 90 84 58 65 20 45 62 73 92 29 60 64 35 66 33 52 31 88 77 8 28 93 10 44 49 69 96 94 91 47 68 71 85 21 67 30 74 38
TEST 67 ARG:59 32 6 37 15 18 80 78 36 25 97 98 17 50 26 89 76 12 75 99 5 95 3 34 63 56 22 70 72 19 42 61 9 1 82 24 86 55 23 53 13 2 4 27 57 39 46 48 79 51 7 87 83 40 81 43 11 14 41 16 0 54 90 84 58 65 20 45 62 73 92 29 60 64 35 66 33 52 31 88 77 8 28 93 10 44 49 69 96 94 91 47 68 71 85 21 67 30 74 38
TEST 68 ARG:45 14 22 90 33 61 12 86 60 44 4 40 74 62 96 37 84 71 9 2 41 1 11 8 50 56 19 32 28 31 43 83 7 20 10 64 15 49 89 92 76 26 59 13 69 53 21 23 81 65 85 35 72 24 5 67 95 58 70 52 77 80 47 34 91 16 30 0 82 17 73 48 94 93 75 78 38 39 18 3 99 57 98 87 6 68 66 25 51 36 27 97 79 88 29 54 63 46 42 55
TEST 68 ARG:45 14 22 90 33 61 12 86 60 44 4 40 74 62 96 37 84 71 9 2 41 1 11 8 50 56 19 32 28 31 43 83 7 20 10 64 15 49 89 92 76 26 59 13 69 53 21 23 81 65 85 35 72 24 5 67 95 58 70 52 77 80 47 34 91 16 30 0 82 17 73 48 94 93 75 78 38 39 18 3 99 57 98 87 6 68 66 25 51 36 27 97 79 88 29 54 63 46 42 55
TEST 69 ARG:64 70 39 0 65 27 91 52 25 93 5 4 3 40 72 57 43 78 37 77 26 38 82 58 71 87 74 10 28 62 73 13 63 86 99 94 53 89 42 66 88 34 67 6 95 56 18 68 80 33 16 21 97 55 23 8 76 90 31 30 36 32 22 61 12 20 51 54 81 83 9 1 2 41 60 7 59 14 50 84 79 49 46 17 29 92 45 15 44 19 96 69 24 98 85 35 11 75 48 47
TEST 69 ARG:64 70 39 0 65 27 91 52 25 93 5 4 3 40 72 57 43 78 37 77 26 38 82 58 71 87 74 10 28 62 73 13 63 86 99 94 53 89 42 66 88 34 67 6 95 56 18 68 80 33 16 21 97 55 23 8 76 90 31 30 36 32 22 61 12 20 51 54 81 83 9 1 2 41 60 7 59 14 50 84 79 49 46 17 29 92 45 15 44 19 96 69 24 98 85 35 11 75 48 47
TEST 70 ARG:44 90 9 97 87 8 5 63 66 22 25 88 85 59 62 53 46 54 89 60 67 33 70 78 32 27 58 38 95 29 11 91 47 14 10 68 94 30 81 36 65 48 86 64 49 21 76 56 83 6 19 0 80 15 13 7 28 79 20 72 16 61 92 35 55 71 74 52 24 98 42 75 77 45 69 43 84 82 26 41 1 99 2 50 12 37 17 34 18 40 73 31 96 3 4 23 93 39 51 57
TEST 70 ARG:44 90 9 97 87 8 5 63 66 22 25 88 85 59 62 53 46 54 89 60 67 33 70 78 32 27 58 38 95 29 11 91 47 14 10 68 94 30 81 36 65 48 86 64 49 21 76 56 83 6 19 0 80 15 13 7 28 79 20 72 16 61 92 35 55 71 74 52 24 98 42 75 77 45 69 43 84 82 26 41 1 99 2 50 12 37 17 34 18 40 73 31 96 3 4 23 93 39 51 57
TEST 71 ARG:74 61 79 46 68 14 12 75 15 19 88 73 56 44 70 67 94 89 97 84 16 29 85 13 63 54 71 35 72 1 66 26 48 58 9 80 90 87 50 86 3 43 77 10 59 6 98 51 25 99 36 95 5 23 82 4 20 60 37 91 69 52 2 24 65 18 38 83 53 41 76 30 39 64 78 40 17 49 27 92 28 11 8 22 21 81 31 7 45 57 55 96 62 34 47 33 0 42 32 93
TEST 71 ARG:74 61 79 46 68 14 12 75 15 19 88 73 56 44 70 67 94 89 97 84 16 29 85 13 63 54 71 35 72 1 66 26 48 58 9 80 90 87 50 86 3 43 77 10 59 6 98 51 25 99 36 95 5 23 82 4 20 60 37 91 69 52 2 24 65 18 38 83 53 41 76 30 39 64 78 40 17 49 27 92 28 11 8 22 21 81 31 7 45 57 55 96 62 34 47 33 0 42 32 93
TEST 72 ARG:11 39 64 93 76 78 68 34 15 27 55 3 33 10 97 58 7 91 40 86 35 75 67 81 79 50 95 30 19 26 51 94 57 44 0 53 87 42 8 70 5 2 14 98 28 21 90 31 74 92 62 16 18 47 49 65 41 56 63 69 1 82 13 73 83 25 4 32 52 12 20 48 72 85 61 66 96 45 37 88 60 9 89 46 38 23 22 59 77 71 29 43 36 80 17 54 24 6 99 84
TEST 72 ARG:11 39 64 93 76 78 68 34 15 27 55 3 33 10 97 58 7 91 40 86 35 75 67 81 79 50 95 30 19 26 51 94 57 44 0 53 87 42 8 70 5 2 14 98 28 21 90 31 74 92 62 16 18 47 49 65 41 56 63 69 1 82 13 73 83 25 4 32 52 12 20 48 72 85 61 66 96 45 37 88 60 9 89 46 38 23 22 59 77 71 29 43 36 80 17 54 24 6 99 84
TEST 73 ARG:20 15 68 97 27 86 28 46 73 91 56 4 70 1 54 17 84 76 8 85 0 32 11 63 51 87 40 43 96 31 26 93 67 10 39 29 82 99 48 35 81 69 79 71 94 36 44 50 75 57 98 23 47 89 61 14 16 60 2 3 37 49 80 21 25 65 92 19 59 58 7 90 64 95 5 88 83 41 72 12 55 18 53 78 33 62 42 74 13 22 52 45 6 77 66 24 9 34 30 38
TEST 73 ARG:20 15 68 97 27 86 28 46 73 91 56 4 70 1 54 17 84 76 8 85 0 32 11 63 51 87 40 43 96 31 26 93 67 10 39 29 82 99 48 35 81 69 79 71 94 36 44 50 75 57 98 23 47 89 61 14 16 60 2 3 37 49 80 21 25 65 92 19 59 58 7 90 64 95 5 88 83 41 72 12 55 18 53 78 33 62 42 74 13 22 52 45 6 77 66 24 9 34 30 38
TEST 74 ARG:7 20 80 84 16 60 6 58 21 52 44 99 30 3 70 59 39 32 82 10 33 12 97 9 96 8 46 26 85 14 27 71 41 28 35 23 53 77 89 81 63 94 34 2 29 25 18 42 65 50 95 47 51 1 13 93 38 86 43 62 45 73 66 88 48 55 76 49 90 11 69 31 83 68 64 40 19 22 87 5 24 75 74 4 79 0 54 78 56 61 72 91 92 57 37 36 67 17 15 98
TEST 74 ARG:7 20 80 84 16 60 6 58 21 52 44 99 30 3 70 59 39 32 82 10 33 12 97 9 96 8 46 26 85 14 27 71 41 28 35 23 53 77 89 81 63 94 34 2 29 25 18 42 65 50 95 47 51 1 13 93 38 86 43 62 45 73 66 88 48 55 76 49 90 11 69 31 83 68 64 40 19 22 87 5 24 75 74 4 79 0 54 78 56 61 72 91 92 57 37 36 67 17 15 98
TEST 75 ARG:78 26 29 38 81 2 51 74 45 20 70 88 63 17 50 46 52 84 8 33 1 95 66 5 65 53 25 36 57 62 3 90 15 4 83 40 27 41 30 64 69 85 67 58 9 16 44 96 34 42 19 77 61 49 24 71 6 47 75 56 87 14 23 80 89 73 12 7 43 99 18 97 32 28 86 59 60 93 0 68 37 10 54 98 76 82 94 92 72 55 22 31 79 21 39 35 11 48 13 91
TEST 75 ARG:78 26 29 38 81 2 51 74 45 20 70 88 63 17 50 46 52 84 8 33 1 95 66 5 65 53 25 36 57 62 3 90 15 4 83 40 27 41 30 64 69 85 67 58 9 16 44 96 34 42 19 77 61 49 24 71 6 47 75 56 87 14 23 80 89 73 12 7 43 99 18 97 32 28 86 59 60 93 0 68 37 10 54 98 76 82 94 92 72 55 22 31 79 21 39 35 11 48 13 91
TEST 76 ARG:65 66 3 37 7 6 94 86 55 15 64 84 68 19 27 26 31 90 2 61 21 30 39 45 20 95 17 25 50 80 11 77 36 74 34 5 67 9 59 12 0 41 32 1 98 56 63 78 33 57 71 22 58 83 96 69 44 62 8 85 76 47 88 87 53 89 72 40 10 14 4 49 99 51 24 70 46 93 48 23 52 91 75 82 73 35 18 16 38 28 43 81 97 92 42 54 79 13 60 29
TEST 76 ARG:65 66 3 37 7 6 94 86 55 15 64 84 68 19 27 26 31 90 2 61 21 30 39 45 20 95 17 25 50 80 11 77 36 74 34 5 67 9 59 12 0 41 32 1 98 56 63 78 33 57 71 22 58 83 96 69 44 62 8 85 76 47 88 87 53 89 72 40 10 14 4 49 99 51 24 70 46 93 48 23 52 91 75 82 73 35 18 16 38 28 43 81 97 92 42 54 79 13 60 29
TEST 77 ARG:15 34 4 51 58 52 38 69 21 71 83 88 74 17 82 78 93 22 79 44 9 18 6 73 42 70 53 11 64 5 29 16 0 7 45 40 25 85 14 2 3 46 60 61 77 19 24 47 89 43 54 76 90 97 92 95 1 96 62 72 81 57 41 39 37 75 99 68 49 48 56 12 28 84 35 94 33 36 27 67 20 32 8 66 65 91 86 13 80 59 50 23 10 63 87 26 55 30 98 31
TEST 77 ARG:15 34 4 51 58 52 38 69 21 71 83 88 74 17 82 78 93 22 79 44 9 18 6 73 42 70 53 11 64 5 29 16 0 7 45 40 25 85 14 2 3 46 60 61 77 19 24 47 89 43 54 76 90 97 92 95 1 96 62 72 81 57 41 39 37 75 99 68 49 48 56 12 28 84 35 94 33 36 27 67 20 32 8 66 65 91 86 13 80 59 50 23 10 63 87 26 55 30 98 31
TEST 78 ARG:6 3 8 56 0 59 64 62 87 53 52 33 84 17 50 43 79 41 1 44 66 80 5 38 86 45 69 75 73 10 32 83 49 28 81 24 61 99 85 82 42 11 63 48 78 7 31 93 14 47 74 95 54 77 91 57 29 35 92 51 55 12 76 34 39 36 40 89 27 9 90 18 60 15 23 22 26 58 71 19 2 72 46 94 37 4 30 21 98 20 68 88 16 13 97 67 70 96 25 65
TEST 78 ARG:6 3 8 56 0 59 64 62 87 53 52 33 84 17 50 43 79 41 1 44 66 80 5 38 86 45 69 75 73 10 32 83 49 28 81 24 61 99 85 82 42 11 63 48 78 7 31 93 14 47 74 95 54 77 91 57 29 35 92 51 55 12 76 34 39 36 40 89 27 9 90 18 60 15 23 22 26 58 71 19 2 72 46 94 37 4 30 21 98 20 68 88 16 13 97 67 70 96 25 65
TEST 79 ARG:72 54 69 63 41 33 16 65 17 77 97 23 20 19 10 90 52 87 29 47 36 61 3 84 58 76 53 45 85 2 31 5 82 81 37 38 98 91 46 92 51 56 8 64 35 39 67 28 78 43 9 50 32 44 21 30 22 86 15 49 99 13 93 62 27 4 0 70 6 24 1 14 12 75 66 94 71 80 34 26 48 74 95 83 89 42 88 25 59 55 18 96 11 73 7 40 79 57 68 60
TEST 79 ARG:72 54 69 63 41 33 16 65 17 77 97 23 20 19 10 90 52 87 29 47 36 61 3 84 58 76 53 45 85 2 31 5 82 81 37 38 98 91 46 92 51 56 8 64 35 39 67 28 78 43 9 50 32 44 21 30 22 86 15 49 99 13 93 62 27 4 0 70 6 24 1 14 12 75 66 94 71 80 34 26 48 74 95 83 89 42 88 25 59 55 18 96 11 73 7 40 79 57 68 60
TEST 80 ARG:73 94 41 44 11 31 45 24 54 53 51 86 57 39 16 40 52 14 83 82 80 13 75 58 47 84 34 68 22 67 90 4 29 63 97 96 17 33 46 87 74 8 55 88 6 48 42 26 99 71 9 37 21 28 36 76 23 81 62 1 10 98 64 3 70 69 93 12 91 72 61 30 89 5 15 25 78 60 7 92 85 77 35 50 65 27 59 95 38 0 43 18 56 2 49 79 32 20 66 19
TEST 80 ARG:73 94 41 44 11 31 45 24 54 53 51 86 57 39 16 40 52 14 83 82 80 13 75 58 47 84 34 68 22 67 90 4 29 63 97 96 17 33 46 87 74 8 55 88 6 48 42 26 99 71 9 37 21 28 36 76 23 81 62 1 10 98 64 3 70 69 93 12 91 72 61 30 89 5 15 25 78 60 7 92 85 77 35 50 65 27 59 95 38 0 43 18 56 2 49 79 32 20 66 19
TEST 81 ARG:69 96 79 86 99 38 61 11 82 32 50 71 8 18 6 23 15 46 43 9 70 58 87 35 64 36 84 16 41 66 37 49 33 62 42 30 12 98 21 13 56 48 0 65 40 29 45 67 44 78 7 20 51 34 28 2 39 47 92 74 75 3 19 80 10 77 88 1 68 81 52 90 72 63 25 17 97 54 89 93 14 22 5 24 85 53 83 59 76 57 95 60 94 91 4 73 55 27 26 31
TEST 81 ARG:69 96 79 86 99 38 61 11 82 32 50 71 8 18 6 23 15 46 43 9 70 58 87 35 64 36 84 16 41 66 37 49 33 62 42 30 12 98 21 13 56 48 0 65 40 29 45 67 44 78 7 20 51 34 28 2 39 47 92 74 75 3 19 80 10 77 88 1 68 81 52 90 72 63 25 17 97 54 89 93 14 22 5 24 85 53 83 59 76 57 95 60 94 91 4 73 55 27 26 31
TEST 82 ARG:52 56 46 36 0 89 71 66 97 87 18 29 19 22 92 91 6 62 25 73 28 76 40 49 3 80 63 7 15 84 75 74 54 42 95 12 79 57 26 1 53 67 93 31 60 9 99 33 83 39 35 77 41 72 45 21 90 17 70 47 2 11 5 50 65 4 23 81 38 82 88 86 94 13 69 24 8 98 32 51 61 64 44 55 78 96 27 37 59 20 34 16 10 68 48 30 85 43 14 58
TEST 82 ARG:52 56 46 36 0 89 71 66 97 87 18 29 19 22 92 91 6 62 25 73 28 76 40 49 3 80 63 7 15 84 75 74 54 42 95 12 79 57 26 1 53 67 93 31 60 9 99 33 83 39 35 77 41 72 45 21 90 17 70 47 2 11 5 50 65 4 23 81 38 82 88 86 94 13 69 24 8 98 32 51 61 64 44 55 78 96 27 37 59 20 34 16 10 68 48 30 85 43 14 58
TEST 83 ARG:72 0 71 24 19 34 49 58 51 93 5 16 32 2 48 87 79 64 74 25 75 99 42 78 66 41 80 81 3 13 18 37 69 15 89 30 22 21 8 40 97 67 96 62 84 27 11 52 68 50 77 47 39 56 44 63 88 54 76 38 57 91 90 92 36 14 43 98 73 59 70 45 9 85 46 60 65 17 20 53 6 35 10 7 1 31 33 83 29 95 61 4 86 26 23 55 12 28 82 94
TEST 83 ARG:72 0 71 24 19 34 49 58 51 93 5 16 32 2 48 87 79 64 74 25 75 99 42 78 66 41 80 81 3 13 18 37 69 15 89 30 22 21 8 40 97 67 96 62 84 27 11 52 68 50 77 47 39 56 44 63 88 54 76 38 57 91 90 92 36 14 43 98 73 59 70 45 9 85 46 60 65 17 20 53 6 35 10 7 1 31 33 83 29 95 61 4 86 26 23 55 12 28 82 94
TEST 84 ARG:52 21 46 56 23 67 11 68 82 25 2 71 33 47 63 29 83 91 65 13 95 85 77 17 51 75 18 45 70 84 28 14 99 40 38 61 0 35 41 57 15 64 98 93 5 1 60 50 78 19 43 27 90 73 36 66 8 7 31 59 30 4 12 69 89 10 97 9 87 88 39 42 58 62 3 20 54 53 74 16 22 92 72 37 24 32 79 26 55 86 44 94 6 48 34 49 80 96 76 81
TEST 84 ARG:52 21 46 56 23 67 11 68 82 25 2 71 33 47 63 29 83 91 65 13 95 85 77 17 51 75 18 45 70 84 28 14 99 40 38 61 0 35 41 57 15 64 98 93 5 1 60 50 78 19 43 27 90 73 36 66 8 7 31 59 30 4 12 69 89 10 97 9 87 88 39 42 58 62 3 20 54 53 74 16 22 92 72 37 24 32 79 26 55 86 44 94 6 48 34 49 80 96 76 81
TEST 85 ARG:59 98 34 68 92 81 30 35 63 84 83 60 89 1 14 6 8 56 3 26 64 88 29 75 10 36 20 55 80 9 40 5 43 15 62 0 96 13 25 16 51 79 32 77 65 91 2 90 54 50 95 52 42 47 12 7 74 39 18 71 61 87 19 41 49 11 31 27 46 38 23 78 97 76 94 28 22 85 82 33 4 44 73 53 69 99 37 70 93 45 24 66 17 57 86 21 48 67 58 72
TEST 85 ARG:59 98 34 68 92 81 30 35 63 84 83 60 89 1 14 6 8 56 3 26 64 88 29 75 10 36 20 55 80 9 40 5 43 15 62 0 96 13 25 16 51 79 32 77 65 91 2 90 54 50 95 52 42 47 12 7 74 39 18 71 61 87 19 41 49 11 31 27 46 38 23 78 97 76 94 28 22 85 82 33 4 44 73 53 69 99 37 70 93 45 24 66 17 57 86 21 48 67 58 72
TEST 86 ARG:72 56 35 47 77 18 8 91 63 52 58 84 24 39 33 23 54 7 41 0 93 61 55 22 98 14 76 89 29 66 71 97 48 94 12 21 37 34 92 59 44 15 32 5 85 6 3 2 99 4 82 62 95 27 74 64 73 79 31 16 17 60 10 43 65 42 51 49 45 25 83 81 20 19 87 9 80 90 67 46 86 68 1 78 30 88 96 69 36 13 75 50 38 11 26 57 40 28 70 53
TEST 86 ARG:72 56 35 47 77 18 8 91 63 52 58 84 24 39 33 23 54 7 41 0 93 61 55 22 98 14 76 89 29 66 71 97 48 94 12 21 37 34 92 59 44 15 32 5 85 6 3 2 99 4 82 62 95 27 74 64 73 79 31 16 17 60 10 43 65 42 51 49 45 25 83 81 20 19 87 9 80 90 67 46 86 68 1 78 30 88 96 69 36 13 75 50 38 11 26 57 40 28 70 53
TEST 87 ARG:69 52 5 21 27 57 94 87 33 92 4 2 64 78 30 81 86 10 85 70 6 83 56 35 58 77 67 99 91 29 73 9 97 11 62 28 89 39 18 50 72 17 24 46 38 34 95 76 20 36 7 80 49 3 96 66 55 82 32 26 25 71 12 0 41 65 47 31 40 61 44 63 43 14 59 88 90 60 84 45 37 93 51 54 13 74 98 22 15 8 16 42 79 53 68 1 48 23 75 19
TEST 87 ARG:69 52 5 21 27 57 94 87 33 92 4 2 64 78 30 81 86 10 85 70 6 83 56 35 58 77 67 99 91 29 73 9 97 11 62 28 89 39 18 50 72 17 24 46 38 34 95 76 20 36 7 80 49 3 96 66 55 82 32 26 25 71 12 0 41 65 47 31 40 61 44 63 43 14 59 88 90 60 84 45 37 93 51 54 13 74 98 22 15 8 16 42 79 53 68 1 48 23 75 19
TEST 88 ARG:91 97 40 30 98 4 44 45 95 12 78 29 27 16 73 51 99 42 20 11 67 79 47 50 10 9 88 43 6 80 85 33 55 90 8 5 93 18 17 81 92 26 34 24 48 39 49 1 58 96 52 13 83 75 82 56 86 31 54 36 28 38 77 87 74 7 46 32 22 64 41 57 72 3 63 25 71 0 53 23 21 89 14 65 66 68 76 2 70 35 15 59 84 19 37 62 61 60 94 69
TEST 88 ARG:91 97 40 30 98 4 44 45 95 12 78 29 27 16 73 51 99 42 20 11 67 79 47 50 10 9 88 43 6 80 85 33 55 90 8 5 93 18 17 81 92 26 34 24 48 39 49 1 58 96 52 13 83 75 82 56 86 31 54 36 28 38 77 87 74 7 46 32 22 64 41 57 72 3 63 25 71 0 53 23 21 89 14 65 66 68 76 2 70 35 15 59 84 19 37 62 61 60 94 69
TEST 89 ARG:19 74 12 42 2 31 29 46 28 13 50 63 43 4 30 87 47 64 26 11 48 96 54 14 16 39 95 45 73 6 55 57 38 82 99 10 1 22 41 76 20 36 69 0 88 49 25 51 86 98 17 80 85 58 44 90 89 34 75 84 97 37 23 72 60 5 21 24 33 3 62 53 67 27 78 83 92 52 81 66 79 71 70 18 65 56 35 8 7 59 9 91 15 94 68 93 77 32 61 40
TEST 89 ARG:19 74 12 42 2 31 29 46 28 13 50 63 43 4 30 87 47 64 26 11 48 96 54 14 16 39 95 45 73 6 55 57 38 82 99 10 1 22 41 76 20 36 69 0 88 49 25 51 86 98 17 80 85 58 44 90 89 34 75 84 97 37 23 72 60 5 21 24 33 3 62 53 67 27 78 83 92 52 81 66 79 71 70 18 65 56 35 8 7 59 9 91 15 94 68 93 77 32 61 40
TEST 90 ARG:70 47 30 51 66 34 95 17 90 32 86 42 1 68 10 37 89 5 48 63 52 94 15 91 84 11 31 16 88 74 54 26 14 82 24 65 92 49 67 13 97 87 20 50 21 33 22 61 72 35 25 80 76 28 55 78 79 29 57 56 44 7 96 41 27 23 6 8 75 4 40 12 58 93 19 0 81 71 69 60 46 53 85 3 38 83 59 64 2 73 98 45 77 18 43 39 99 9 62 36
TEST 90 ARG:70 47 30 51 66 34 95 17 90 32 86 42 1 68 10 37 89 5 48 63 52 94 15 91 84 11 31 16 88 74 54 26 14 82 24 65 92 49 67 13 97 87 20 50 21 33 22 61 72 35 25 80 76 28 55 78 79 29 57 56 44 7 96 41 27 23 6 8 75 4 40 12 58 93 19 0 81 71 69 60 46 53 85 3 38 83 59 64 2 73 98 45 77 18 43 39 99 9 62 36
TEST 91 ARG:50 3 1 6 11 5 29 14 66 75 94 81 47 93 37 21 49 51 68 8 58 27 64 82 67 34 12 44 95 40 16 18 53 87 92 63 46 33 71 96 90 57 69 43 52 7 72 42 79 60 26 17 9 59 4 56 54 45 97 20 74 25 91 2 55 98 22 10 35 23 83 78 73 36 77 0 70 84 28 30 19 39 65 80 62 32 38 48 89 85 15 41 31 88 61 99 86 76 24 13
TEST 91 ARG:50 3 1 6 11 5 29 14 66 75 94 81 47 93 37 21 49 51 68 8 58 27 64 82 67 34 12 44 95 40 16 18 53 87 92 63 46 33 71 96 90 57 69 43 52 7 72 42 79 60 26 17 9 59 4 56 54 45 97 20 74 25 91 2 55 98 22 10 35 23 83 78 73 36 77 0 70 84 28 30 19 39 65 80 62 32 38 48 89 85 15 41 31 88 61 99 86 76 24 13
TEST 92 ARG:78 45 38 71 57 25 99 26 2 94 47 87 14 64 74 53 91 72 97 77 58 95 22 31 39 73 42 50 70 63 48 6 83 81 61 75 85 93 10 9 3 62 67 60 11 68 89 55 69 0 43 82 34 27 5 4 92 90 12 35 86 84 32 21 18 54 52 51 1 28 56 17 37 15 24 80 7 30 36 65 98 16 96 44 40 20 66 49 41 33 79 88 23 76 59 29 13 19 46 8
TEST 92 ARG:78 45 38 71 57 25 99 26 2 94 47 87 14 64 74 53 91 72 97 77 58 95 22 31 39 73 42 50 70 63 48 6 83 81 61 75 85 93 10 9 3 62 67 60 11 68 89 55 69 0 43 82 34 27 5 4 92 90 12 35 86 84 32 21 18 54 52 51 1 28 56 17 37 15 24 80 7 30 36 65 98 16 96 44 40 20 66 49 41 33 79 88 23 76 59 29 13 19 46 8
TEST 93 ARG:87 46 14 60 3 41 94 21 8 98 34 92 38 74 6 48 55 99 84 0 20 91 44 72 42 33 52 28 51 4 88 59 43 78 13 64 65 86 79 15 24 76 68 77 97 73 47 63 61 71 93 31 36 83 5 49 57 50 11 16 7 1 96 53 29 66 12 81 27 58 18 82 40 25 67 54 69 10 80 32 85 39 23 19 37 22 2 70 75 30 26 62 56 35 45 89 90 9 17 95
TEST 93 ARG:87 46 14 60 3 41 94 21 8 98 34 92 38 74 6 48 55 99 84 0 20 91 44 72 42 33 52 28 51 4 88 59 43 78 13 64 65 86 79 15 24 76 68 77 97 73 47 63 61 71 93 31 36 83 5 49 57 50 11 16 7 1 96 53 29 66 12 81 27 58 18 82 40 25 67 54 69 10 80 32 85 39 23 19 37 22 2 70 75 30 26 62 56 35 45 89 90 9 17 95
TEST 94 ARG:89 58 5 97 92 16 25 0 81 42 90 19 80 24 49 59 93 33 3 11 39 10 94 71 51 32 27 66 53 29 69 21 87 41 98 48 28 86 77 60 30 62 4 55 35 68 23 6 8 96 82 56 31 20 7 40 37 75 52 74 34 54 95 61 76 79 67 1 15 70 45 44 63 12 84 9 78 47 64 26 36 43 18 38 91 65 14 73 2 46 85 13 83 50 22 57 88 99 17 72
TEST 94 ARG:89 58 5 97 92 16 25 0 81 42 90 19 80 24 49 59 93 33 3 11 39 10 94 71 51 32 27 66 53 29 69 21 87 41 98 48 28 86 77 60 30 62 4 55 35 68 23 6 8 96 82 56 31 20 7 40 37 75 52 74 34 54 95 61 76 79 67 1 15 70 45 44 63 12 84 9 78 47 64 26 36 43 18 38 91 65 14 73 2 46 85 13 83 50 22 57 88 99 17 72
TEST 95 ARG:57 9 15 54 11 93 7 50 47 22 77 17 61 31 2 98 38 75 37 80 65 21 74 48 85 70 13 76 71 32 36 97 67 18 94 3 73 63 52 25 91 34 49 27 39 16 33 78 60 40 41 24 35 55 30 99 83 53 87 12 28 90 10 8 43 51 96 81 84 20 66 59 69 5 82 0 95 42 6 86 46 29 62 19 14 72 79 56 45 4 89 26 92 64 68 44 23 1 58 88
TEST 95 ARG:57 9 15 54 11 93 7 50 47 22 77 17 61 31 2 98 38 75 37 80 65 21 74 48 85 70 13 76 71 32 36 97 67 18 94 3 73 63 52 25 91 34 49 27 39 16 33 78 60 40 41 24 35 55 30 99 83 53 87 12 28 90 10 8 43 51 96 81 84 20 66 59 69 5 82 0 95 42 6 86 46 29 62 19 14 72 79 56 45 4 89 26 92 64 68 44 23 1 58 88
TEST 96 ARG:54 61 72 59 78 84 34 40 56 11 65 21 28 22 90 27 36 60 30 50 80 85 46 57 75 99 41 92 16 44 15 24 79 14 62 94 2 73 32 86 7 52 38 10 6 67 66 37 13 97 20 82 1 71 26 49 35 43 8 45 55 70 95 77 74 18 58 91 4 64 63 19 69 88 76 89 39 3 5 98 87 29 48 42 83 47 17 51 53 23 31 68 12 81 96 25 0 93 33 9
TEST 96 ARG:54 61 72 59 78 84 34 40 56 11 65 21 28 22 90 27 36 60 30 50 80 85 46 57 75 99 41 92 16 44 15 24 79 14 62 94 2 73 32 86 7 52 38 10 6 67 66 37 13 97 20 82 1 71 26 49 35 43 8 45 55 70 95 77 74 18 58 91 4 64 63 19 69 88 76 89 39 3 5 98 87 29 48 42 83 47 17 51 53 23 31 68 12 81 96 25 0 93 33 9
TEST 97 ARG:18 49 65 25 83 79 8 55 84 62 0 38 89 35 85 60 12 92 53 48 87 6 52 28 19 82 77 69 20 13 5 99 14 86 45 76 16 94 4 26 3 31 61 98 97 57 80 41 22 44 96 15 88 47 11 90 78 50 40 70 7 29 59 73 9 72 71 17 75 58 68 24 56 66 21 23 1 95 67 81 34 39 30 63 10 37 46 43 51 42 2 93 64 91 36 32 27 33 54 74
TEST 97 ARG:18 49 65 25 83 79 8 55 84 62 0 38 89 35 85 60 12 92 53 48 87 6 52 28 19 82 77 69 20 13 5 99 14 86 45 76 16 94 4 26 3 31 61 98 97 57 80 41 22 44 96 15 88 47 11 90 78 50 40 70 7 29 59 73 9 72 71 17 75 58 68 24 56 66 21 23 1 95 67 81 34 39 30 63 10 37 46 43 51 42 2 93 64 91 36 32 27 33 54 74
TEST 98 ARG:13 81 61 24 56 20 26 86 92 22 66 71 80 6 97 77 44 65 50 27 23 59 87 64 39 16 31 32 28 95 9 48 55 21 47 8 60 11 98 0 84 37 63 83 62 51 17 74 91 52 54 85 4 93 40 58 2 73 5 10 78 46 53 3 94 29 79 43 49 25 45 35 96 89 1 70 30 76 38 90 69 34 36 82 7 33 14 57 99 75 41 72 18 19 88 67 68 15 42 12
TEST 98 ARG:13 81 61 24 56 20 26 86 92 22 66 71 80 6 97 77 44 65 50 27 23 59 87 64 39 16 31 32 28 95 9 48 55 21 47 8 60 11 98 0 84 37 63 83 62 51 17 74 91 52 54 85 4 93 40 58 2 73 5 10 78 46 53 3 94 29 79 43 49 25 45 35 96 89 1 70 30 76 38 90 69 34 36 82 7 33 14 57 99 75 41 72 18 19 88 67 68 15 42 12
TEST 99 ARG:13 82 29 5 97 28 20 74 62 57 23 79 8 50 36 99 25 35 52 7 4 95 53 94 69 9 61 85 6 16 90 73 10 98 89 93 1 66 33 76 12 64 56 22 88 40 51 0 32 70 71 81 24 77 39 78 60 91 83 30 87 96 55 34 27 19 43 63 3 72 14 18 80 17 68 38 45 41 47 84 46 58 67 15 21 59 54 37 2 75 92 49 48 31 86 42 11 26 65 44
TEST 99 ARG:13 82 29 5 97 28 20 74 62 57 23 79 8 50 36 99 25 35 52 7 4 95 53 94 69 9 61 85 6 16 90 73 10 98 89 93 1 66 33 76 12 64 56 22 88 40 51 0 32 70 71 81 24 77 39 78 60 91 83 30 87 96 55 34 27 19 43 63 3 72 14 18 80 17 68 38 45 41 47 84 46 58 67 15 21 59 54 37 2 75 92 49 48 31 86 42 11 26 65 44
TEST 100 ARG:12 10 24 94 1 87 59 49 55 28 69 42 15 19 13 77 51 34 35 72 6 0 83 75 9 60 96 62 41 17 65 76 74 40 18 68 85 48 43 30 98 70 79 33 16 2 38 71 64 91 93 90 58 36 86 52 97 8 31 99 66 95 54 88 92 73 47 80 61 50 56 20 5 27 39 78 26 57 4 44 84 81 29 7 23 63 67 22 14 3 89 32 45 82 25 53 21 37 11 46
TEST 100 ARG:12 10 24 94 1 87 59 49 55 28 69 42 15 19 13 77 51 34 35 72 6 0 83 75 9 60 96 62 41 17 65 76 74 40 18 68 85 48 43 30 98 70 79 33 16 2 38 71 64 91 93 90 58 36 86 52 97 8 31 99 66 95 54 88 92 73 47 80 61 50 56 20 5 27 39 78 26 57 4 44 84 81 29 7 23 63 67 22 14 3 89 32 45 82 25 53 21 37 11 46
TEST 101 ARG:62 13 32 89 44 81 66 56 54 48 94 70 97 18 90 73 77 25 35 69 28 57 20 17 39 38 51 83 79 10 12 6 4 42 58 8 1 95 68 96 22 59 74 85 75 5 3 0 49 37 86 50 21 36 11 47 72 55 53 60 29 14 82 41 16 84 23 92 15 19 91 67 52 33 7 63 87 64 27 99 88 43 65 80 76 30 78 61 34 9 2 93 26 45 71 40 31 24 46 98
TEST 101 ARG:62 13 32 89 44 81 66 56 54 48 94 70 97 18 90 73 77 25 35 69 28 57 20 17 39 38 51 83 79 10 12 6 4 42 58 8 1 95 68 96 22 59 74 85 75 5 3 0 49 37 86 50 21 36 11 47 72 55 53 60 29 14 82 41 16 84 23 92 15 19 91 67 52 33 7 63 87 64 27 99 88 43 65 80 76 30 78 61 34 9 2 93 26 45 71 40 31 24 46 98
TEST 102 ARG:95 48 19 64 46 49 39 13 88 30 24 87 33 82 78 43 80 44 45 7 50 4 9 26 42 35 71 10 27 76 31 65 86 96 68 38 99 3 32 29 21 58 34 18 12 54 53 41 8 55 11 91 67 17 47 84 20 81 63 92 61 98 5 37 57 75 1 59 28 22 69 2 62 89 23 14 72 85 97 56 66 74 73 70 77 83 25 79 51 15 93 52 90 60 40 6 94 36 16 0
TEST 102 ARG:95 48 19 64 46 49 39 13 88 30 24 87 33 82 78 43 80 44 45 7 50 4 9 26 42 35 71 10 27 76 31 65 86 96 68 38 99 3 32 29 21 58 34 18 12 54 53 41 8 55 11 91 67 17 47 84 20 81 63 92 61 98 5 37 57 75 1 59 28 22 69 2 62 89 23 14 72 85 97 56 66 74 73 70 77 83 25 79 51 15 93 52 90 60 40 6 94 36 16 0
TEST 103 ARG:33 42 52 71 78 22 87 44 60 29 55 54 3 84 39 74 32 24 31 65 80 19 49 16 41 64 76 66 26 27 11 57 88 79 25 30 7 73 6 36 15 5 95 99 90 9 94 97 56 34 21 14 91 46 93 72 35 89 20 62 0 1 38 86 40 18 37 12 70 23 47 68 82 77 53 28 50 59 48 13 58 69 83 85 75 81 45 61 63 67 92 17 98 43 96 51 2 10 8 4
TEST 103 ARG:33 42 52 71 78 22 87 44 60 29 55 54 3 84 39 74 32 24 31 65 80 19 49 16 41 64 76 66 26 27 11 57 88 79 25 30 7 73 6 36 15 5 95 99 90 9 94 97 56 34 21 14 91 46 93 72 35 89 20 62 0 1 38 86 40 18 37 12 70 23 47 68 82 77 53 28 50 59 48 13 58 69 83 85 75 81 45 61 63 67 92 17 98 43 96 51 2 10 8 4
TEST 104 ARG:16 59 51 66 97 86 78 88 8 34 17 41 20 44 42 94 73 77 47 56 6 72 10 79 91 32 84 92 96 74 12 81 48 89 7 58 49 38 85 24 40 82 64 28 18 68 14 52 69 25 29 37 30 60 21 50 27 23 19 26 90 43 39 33 62 87 36 53 1 76 5 70 67 15 71 9 93 0 99 61 2 80 4 13 46 11 83 63 31 98 65 75 54 57 95 35 55 3 22 45
TEST 104 ARG:16 59 51 66 97 86 78 88 8 34 17 41 20 44 42 94 73 77 47 56 6 72 10 79 91 32 84 92 96 74 12 81 48 89 7 58 49 38 85 24 40 82 64 28 18 68 14 52 69 25 29 37 30 60 21 50 27 23 19 26 90 43 39 33 62 87 36 53 1 76 5 70 67 15 71 9 93 0 99 61 2 80 4 13 46 11 83 63 31 98 65 75 54 57 95 35 55 3 22 45
TEST 105 ARG:35 11 17 21 99 65 3 86 25 83 96 50 27 1 80 63 2 60 8 7 57 41 94 61 92 89 32 81 48 38 98 55 14 26 4 54 95 23 58 47 22 15 13 18 10 90 85 36 42 67 78 28 5 19 44 75 74 88 43 82 20 51 59 37 0 39 66 46 91 72 76 31 69 70 62 49 16 53 87 30 34 97 84 40 12 33 68 71 77 6 52 56 64 93 29 24 79 45 73 9
TEST 105 ARG:35 11 17 21 99 65 3 86 25 83 96 50 27 1 80 63 2 60 8 7 57 41 94 61 92 89 32 81 48 38 98 55 14 26 4 54 95 23 58 47 22 15 13 18 10 90 85 36 42 67 78 28 5 19 44 75 74 88 43 82 20 51 59 37 0 39 66 46 91 72 76 31 69 70 62 49 16 53 87 30 34 97 84 40 12 33 68 71 77 6 52 56 64 93 29 24 79 45 73 9
TEST 106 ARG:32 85 2 52 34 88 98 31 36 9 72 48 7 43 81 19 12 18 91 10 41 0 55 3 1 38 90 33 99 50 73 82 27 89 25 96 28 76 83 58 15 44 35 26 87 40 62 24 71 78 70 61 53 20 64 37 5 46 97 13 74 86 16 57 65 42 93 63 68 51 94 22 4 66 6 45 11 79 14 56 80 30 17 69 95 92 60 29 84 39 21 77 47 67 23 49 54 8 75 59
TEST 106 ARG:32 85 2 52 34 88 98 31 36 9 72 48 7 43 81 19 12 18 91 10 41 0 55 3 1 38 90 33 99 50 73 82 27 89 25 96 28 76 83 58 15 44 35 26 87 40 62 24 71 78 70 61 53 20 64 37 5 46 97 13 74 86 16 57 65 42 93 63 68 51 94 22 4 66 6 45 11 79 14 56 80 30 17 69 95 92 60 29 84 39 21 77 47 67 23 49 54 8 75 59
TEST 107 ARG:77 95 63 35 68 11 22 4 34 37 49 27 97 17 83 2 90 40 73 18 7 39 74 16 75 50 71 60 42 3 88 57 0 36 72 89 9 45 70 82 85 19 86 62 25 15 98 80 32 94 23 8 92 48 69 67 29 56 76 59 53 81 61 1 24 10 31 41 38 84 93 13 65 20 87 46 26 64 55 12 14 43 51 78 52 28 6 54 30 47 96 44 33 21 79 58 91 66 5 99
TEST 107 ARG:77 95 63 35 68 11 22 4 34 37 49 27 97 17 83 2 90 40 73 18 7 39 74 16 75 50 71 60 42 3 88 57 0 36 72 89 9 45 70 82 85 19 86 62 25 15 98 80 32 94 23 8 92 48 69 67 29 56 76 59 53 81 61 1 24 10 31 41 38 84 93 13 65 20 87 46 26 64 55 12 14 43 51 78 52 28 6 54 30 47 96 44 33 21 79 58 91 66 5 99
TEST 108 ARG:38 85 37 98 22 49 81 2 32 84 43 69 23 65 96 59 50 71 47 35 3 8 46 52 29 44 33 97 45 61 28 92 40 62 79 9 27 19 13 7 20 63 99 82 89 15 95 4 18 57 93 66 90 54 21 86 58 72 77 11 56 39 16 25 83 73 36 26 55 68 67 6 24 17 76 91 14 87 31 78 0 60 30 5 94 53 1 70 51 74 41 80 12 42 88 10 75 64 48 34
TEST 108 ARG:38 85 37 98 22 49 81 2 32 84 43 69 23 65 96 59 50 71 47 35 3 8 46 52 29 44 33 97 45 61 28 92 40 62 79 9 27 19 13 7 20 63 99 82 89 15 95 4 18 57 93 66 90 54 21 86 58 72 77 11 56 39 16 25 83 73 36 26 55 68 67 6 24 17 76 91 14 87 31 78 0 60 30 5 94 53 1 70 51 74 41 80 12 42 88 10 75 64 48 34
TEST 109 ARG:19 62 95 43 79 67 69 44 34 7 75 90 50 57 78 17 42 93 76 8 60 61 45 48 13 77 97 33 24 40 37 73 15 92 53 27 35 86 87 3 5 59 58 20 28 51 41 30 83 55 39 1 36 94 14 46 84 6 16 81 10 38 74 52 49 66 23 91 96 99 71 31 70 56 11 82 22 4 63 32 21 72 12 65 25 9 18 88 68 47 80 54 64 29 89 85 26 98 0 2
TEST 109 ARG:19 62 95 43 79 67 69 44 34 7 75 90 50 57 78 17 42 93 76 8 60 61 45 48 13 77 97 33 24 40 37 73 15 92 53 27 35 86 87 3 5 59 58 20 28 51 41 30 83 55 39 1 36 94 14 46 84 6 16 81 10 38 74 52 49 66 23 91 96 99 71 31 70 56 11 82 22 4 63 32 21 72 12 65 25 9 18 88 68 47 80 54 64 29 89 85 26 98 0 2
TEST 110 ARG:39 24 25 4 90 54 76 73 8 23 92 87 36 84 20 46 30 61 27 64 1 81 19 52 44 50 78 11 45 21 86 95 89 99 37 77 12 82 38 65 31 66 56 29 59 49 43 85 3 47 53 9 18 63 0 62 15 97 57 34 83 26 14 35 22 16 2 40 91 88 67 5 41 71 60 80 28 6 98 68 55 48 94 33 7 93 69 42 32 70 17 58 75 10 51 79 96 74 72 13
TEST 110 ARG:39 24 25 4 90 54 76 73 8 23 92 87 36 84 20 46 30 61 27 64 1 81 19 52 44 50 78 11 45 21 86 95 89 99 37 77 12 82 38 65 31 66 56 29 59 49 43 85 3 47 53 9 18 63 0 62 15 97 57 34 83 26 14 35 22 16 2 40 91 88 67 5 41 71 60 80 28 6 98 68 55 48 94 33 7 93 69 42 32 70 17 58 75 10 51 79 96 74 72 13
TEST 111 ARG:76 85 21 4 87 74 42 49 50 38 12 57 56 35 25 16 82 69 44 43 48 64 26 29 67 28 90 89 24 66 58 10 32 0 11 30 78 7 5 13 91 18 3 33 40 65 2 96 19 51 86 72 88 59 83 45 27 77 93 23 71 14 61 6 79 9 47 99 81 60 34 36 98 41 1 22 39 75 92 54 37 15 73 46 55 68 20 97 80 70 63 31 62 53 8 95 84 17 94 52
TEST 111 ARG:76 85 21 4 87 74 42 49 50 38 12 57 56 35 25 16 82 69 44 43 48 64 26 29 67 28 90 89 24 66 58 10 32 0 11 30 78 7 5 13 91 18 3 33 40 65 2 96 19 51 86 72 88 59 83 45 27 77 93 23 71 14 61 6 79 9 47 99 81 60 34 36 98 41 1 22 39 75 92 54 37 15 73 46 55 68 20 97 80 70 63 31 62 53 8 95 84 17 94 52
TEST 112 ARG:37 23 77 35 60 47 58 13 81 79 93 38 96 63 0 32 92 12 30 15 31 74 28 7 40 48 76 80 44 57 52 68 21 90 88 3 24 78 8 99 69 75 16 71 42 83 86 65 91 50 70 54 27 98 62 36 25 95 84 10 85 94 56 61 4 72 29 1 66 18 33 87 22 34 26 46 41 53 82 97 17 5 9 20 67 19 2 45 43 14 51 64 55 11 39 73 49 6 89 59
TEST 112 ARG:37 23 77 35 60 47 58 13 81 79 93 38 96 63 0 32 92 12 30 15 31 74 28 7 40 48 76 80 44 57 52 68 21 90 88 3 24 78 8 99 69 75 16 71 42 83 86 65 91 50 70 54 27 98 62 36 25 95 84 10 85 94 56 61 4 72 29 1 66 18 33 87 22 34 26 46 41 53 82 97 17 5 9 20 67 19 2 45 43 14 51 64 55 11 39 73 49 6 89 59
TEST 113 ARG:40 26 6 37 67 25 13 38 23 1 39 65 47 3 11 36 77 19 93 80 49 63 82 72 79 22 14 52 42 94 64 66 99 15 55 78 16 12 95 31 75 87 84 9 30 32 58 5 35 89 71 18 20 51 88 45 92 61 62 97 8 0 21 33 73 86 59 76 68 81 7 60 24 54 41 2 34 46 4 96 53 50 48 29 27 28 70 69 17 90 98 44 85 74 56 57 43 10 83 91
TEST 113 ARG:40 26 6 37 67 25 13 38 23 1 39 65 47 3 11 36 77 19 93 80 49 63 82 72 79 22 14 52 42 94 64 66 99 15 55 78 16 12 95 31 75 87 84 9 30 32 58 5 35 89 71 18 20 51 88 45 92 61 62 97 8 0 21 33 73 86 59 76 68 81 7 60 24 54 41 2 34 46 4 96 53 50 48 29 27 28 70 69 17 90 98 44 85 74 56 57 43 10 83 91
TEST 114 ARG:87 93 94 19 75 62 70 7 14 34 91 77 68 59 52 49 98 63 66 48 31 5 85 69 88 36 2 25 92 32 8 10 95 99 16 84 67 73 58 43 3 18 29 46 81 54 4 50 9 37 83 51 27 15 97 41 33 6 38 60 64 57 44 61 35 96 23 65 20 72 22 17 12 39 45 42 74 71 13 80 11 86 47 30 78 21 53 89 76 55 82 1 24 26 0 28 90 79 40 56
TEST 114 ARG:87 93 94 19 75 62 70 7 14 34 91 77 68 59 52 49 98 63 66 48 31 5 85 69 88 36 2 25 92 32 8 10 95 99 16 84 67 73 58 43 3 18 29 46 81 54 4 50 9 37 83 51 27 15 97 41 33 6 38 60 64 57 44 61 35 96 23 65 20 72 22 17 12 39 45 42 74 71 13 80 11 86 47 30 78 21 53 89 76 55 82 1 24 26 0 28 90 79 40 56
TEST 115 ARG:85 13 34 10 47 68 81 99 54 7 39 12 16 18 93 32 33 46 48 61 91 0 9 37 66 70 55 95 2 71 38 23 49 5 52 19 77 24 60 84 59 3 28 27 25 74 4 26 29 11 20 57 89 53 50 80 21 15 98 94 31 6 75 72 51 83 43 62 56 79 67 87 86 42 1 41 22 8 64 97 65 90 45 30 40 17 76 92 96 73 78 88 35 44 82 36 63 14 69 58
TEST 115 ARG:85 13 34 10 47 68 81 99 54 7 39 12 16 18 93 32 33 46 48 61 91 0 9 37 66 70 55 95 2 71 38 23 49 5 52 19 77 24 60 84 59 3 28 27 25 74 4 26 29 11 20 57 89 53 50 80 21 15 98 94 31 6 75 72 51 83 43 62 56 79 67 87 86 42 1 41 22 8 64 97 65 90 45 30 40 17 76 92 96 73 78 88 35 44 82 36 63 14 69 58
TEST 116 ARG:59 31 91 56 20 89 25 13 81 43 3 54 90 26 23 66 39 62 79 33 10 14 52 51 45 84 5 63 32 78 85 55 87 22 30 18 8 61 47 64 69 99 46 19 88 17 35 83 58 86 93 60 7 36 41 65 49 38 94 27 34 12 57 76 24 9 28 74 42 40 15 92 21 73 6 29 68 77 67 96 1 11 72 4 16 53 75 70 44 71 0 50 98 82 80 48 97 2 37 95
TEST 116 ARG:59 31 91 56 20 89 25 13 81 43 3 54 90 26 23 66 39 62 79 33 10 14 52 51 45 84 5 63 32 78 85 55 87 22 30 18 8 61 47 64 69 99 46 19 88 17 35 83 58 86 93 60 7 36 41 65 49 38 94 27 34 12 57 76 24 9 28 74 42 40 15 92 21 73 6 29 68 77 67 96 1 11 72 4 16 53 75 70 44 71 0 50 98 82 80 48 97 2 37 95
TEST 117 ARG:23 2 67 61 59 76 47 16 33 62 1 65 39 38 50 84 72 12 98 63 31 25 57 52 97 30 88 43 7 75 86 66 90 21 93 37 99 6 80 5 45 17 49 44 89 91 53 18 87 83 54 58 48 22 73 24 4 64 10 60 35 0 70 40 46 27 26 95 79 20 3 69 11 41 9 14 32 15 92 74 85 13 42 29 94 68 34 56 28 19 36 82 71 8 77 55 78 96 51 81
TEST 117 ARG:23 2 67 61 59 76 47 16 33 62 1 65 39 38 50 84 72 12 98 63 31 25 57 52 97 30 88 43 7 75 86 66 90 21 93 37 99 6 80 5 45 17 49 44 89 91 53 18 87 83 54 58 48 22 73 24 4 64 10 60 35 0 70 40 46 27 26 95 79 20 3 69 11 41 9 14 32 15 92 74 85 13 42 29 94 68 34 56 28 19 36 82 71 8 77 55 78 96 51 81
TEST 118 ARG:70 44 37 27 23 91 38 66 15 77 21 17 11 25 76 20 65 50 28 4 13 10 62 58 9 97 73 51 19 86 59 68 1 79 67 41 35 30 5 34 43 32 36 55 95 69 98 89 3 33 78 16 85 63 2 81 7 22 47 54 26 46 84 52 18 82 75 60 56 71 80 29 49 6 39 99 83 92 42 12 94 57 0 31 72 88 96 40 93 48 90 45 64 8 61 53 14 24 74 87
TEST 118 ARG:70 44 37 27 23 91 38 66 15 77 21 17 11 25 76 20 65 50 28 4 13 10 62 58 9 97 73 51 19 86 59 68 1 79 67 41 35 30 5 34 43 32 36 55 95 69 98 89 3 33 78 16 85 63 2 81 7 22 47 54 26 46 84 52 18 82 75 60 56 71 80 29 49 6 39 99 83 92 42 12 94 57 0 31 72 88 96 40 93 48 90 45 64 8 61 53 14 24 74 87
TEST 119 ARG:3 57 8 81 10 62 33 91 44 58 53 55 66 30 45 96 77 20 69 95 68 19 92 52 11 18 23 76 2 36 0 13 29 50 67 24 34 46 14 22 12 17 16 47 1 93 32 15 21 90 88 61 63 40 4 65 85 97 86 35 94 83 72 38 59 54 71 89 26 9 79 49 56 41 7 99 98 6 84 42 60 28 31 39 27 87 25 64 78 74 75 82 80 51 5 73 43 37 70 48
TEST 119 ARG:3 57 8 81 10 62 33 91 44 58 53 55 66 30 45 96 77 20 69 95 68 19 92 52 11 18 23 76 2 36 0 13 29 50 67 24 34 46 14 22 12 17 16 47 1 93 32 15 21 90 88 61 63 40 4 65 85 97 86 35 94 83 72 38 59 54 71 89 26 9 79 49 56 41 7 99 98 6 84 42 60 28 31 39 27 87 25 64 78 74 75 82 80 51 5 73 43 37 70 48
TEST 120 ARG:49 58 98 24 39 75 17 56 3 36 92 66 13 8 61 62 10 44 21 87 47 85 69 90 86 67 40 96 52 73 1 14 78 37 46 74 18 51 57 25 19 84 65 20 80 95 99 93 76 54 6 32 16 28 68 91 48 5 34 42 30 33 71 55 27 35 11 72 0 88 38 97 63 4 7 94 41 77 29 82 50 45 15 64 43 70 26 81 2 59 9 22 12 53 23 83 60 89 31 79
TEST 120 ARG:49 58 98 24 39 75 17 56 3 36 92 66 13 8 61 62 10 44 21 87 47 85 69 90 86 67 40 96 52 73 1 14 78 37 46 74 18 51 57 25 19 84 65 20 80 95 99 93 76 54 6 32 16 28 68 91 48 5 34 42 30 33 71 55 27 35 11 72 0 88 38 97 63 4 7 94 41 77 29 82 50 45 15 64 43 70 26 81 2 59 9 22 12 53 23 83 60 89 31 79
TEST 121 ARG:95 74 16 46 73 28 12 71 6 25 78 4 44 10 45 80 11 26 2 19 98 22 48 68 65 56 49 24 53 76 33 55 90 40 21 3 66 93 15 77 31 79 57 41 32 59 94 52 17 72 0 51 92 7 99 75 50 82 64 20 13 63 23 39 83 43 47 1 67 14 36 5 9 86 60 42 35 58 70 62 97 29 38 69 91 8 54 85 34 27 30 61 18 96 81 89 37 87 84 88
TEST 121 ARG:95 74 16 46 73 28 12 71 6 25 78 4 44 10 45 80 11 26 2 19 98 22 48 68 65 56 49 24 53 76 33 55 90 40 21 3 66 93 15 77 31 79 57 41 32 59 94 52 17 72 0 51 92 7 99 75 50 82 64 20 13 63 23 39 83 43 47 1 67 14 36 5 9 86 60 42 35 58 70 62 97 29 38 69 91 8 54 85 34 27 30 61 18 96 81 89 37 87 84 88
TEST 122 ARG:31 48 88 66 34 97 32 0 27 35 95 1 23 9 43 44 11 47 55 10 70 78 94 72 36 65 17 89 3 96 67 54 20 84 37 14 80 57 15 12 46 53 49 59 76 18 81 86 2 69 50 73 25 77 74 52 64 99 68 42 79 40 45 61 5 75 6 62 21 30 39 29 8 58 22 92 82 33 26 85 63 16 19 28 41 38 24 98 7 51 71 91 93 90 87 83 13 60 56 4
TEST 122 ARG:31 48 88 66 34 97 32 0 27 35 95 1 23 9 43 44 11 47 55 10 70 78 94 72 36 65 17 89 3 96 67 54 20 84 37 14 80 57 15 12 46 53 49 59 76 18 81 86 2 69 50 73 25 77 74 52 64 99 68 42 79 40 45 61 5 75 6 62 21 30 39 29 8 58 22 92 82 33 26 85 63 16 19 28 41 38 24 98 7 51 71 91 93 90 87 83 13 60 56 4
TEST 123 ARG:99 91 16 93 62 2 4 41 75 51 72 92 43 77 81 90 53 63 56 24 87 94 7 5 3 76 44 80 40 11 46 10 36 50 78 83 71 27 69 89 54 37 88 55 48 95 1 35 34 58 28 74 68 70 33 6 14 97 60 18 49 12 52 84 8 29 20 42 57 30 25 22 85 32 31 65 47 64 21 66 59 98 82 17 15 73 96 19 61 45 38 0 9 13 39 67 86 79 26 23
TEST 123 ARG:99 91 16 93 62 2 4 41 75 51 72 92 43 77 81 90 53 63 56 24 87 94 7 5 3 76 44 80 40 11 46 10 36 50 78 83 71 27 69 89 54 37 88 55 48 95 1 35 34 58 28 74 68 70 33 6 14 97 60 18 49 12 52 84 8 29 20 42 57 30 25 22 85 32 31 65 47 64 21 66 59 98 82 17 15 73 96 19 61 45 38 0 9 13 39 67 86 79 26 23
TEST 124 ARG:4 25 35 70 96 91 69 66 46 48 67 81 41 44 53 89 77 24 17 37 73 9 98 45 97 62 20 84 72 57 13 80 29 42 65 7 2 27 1 79 32 49 36 74 26 64 92 43 87 59 47 23 76 71 56 55 60 51 18 3 94 52 40 93 5 61 86 38 99 34 10 63 22 28 12 83 78 85 11 33 90 75 95 14 16 8 30 50 68 0 21 88 39 6 15 31 82 54 58 19
TEST 124 ARG:4 25 35 70 96 91 69 66 46 48 67 81 41 44 53 89 77 24 17 37 73 9 98 45 97 62 20 84 72 57 13 80 29 42 65 7 2 27 1 79 32 49 36 74 26 64 92 43 87 59 47 23 76 71 56 55 60 51 18 3 94 52 40 93 5 61 86 38 99 34 10 63 22 28 12 83 78 85 11 33 90 75 95 14 16 8 30 50 68 0 21 88 39 6 15 31 82 54 58 19
TEST 125 ARG:13 64 37 87 96 21 5 40 97 65 82 55 68 16 29 85 46 47 20 61 62 57 14 69 53 49 39 59 78 63 73 72 70 3 41 76 90 24 27 2 98 28 30 88 32 92 11 17 54 31 23 45 51 15 0 56 60 4 94 75 36 79 80 43 9 1 33 74 50 26 48 99 22 58 18 52 25 83 6 89 66 95 38 81 8 44 77 19 12 91 67 34 86 35 84 93 42 7 71 10
TEST 125 ARG:13 64 37 87 96 21 5 40 97 65 82 55 68 16 29 85 46 47 20 61 62 57 14 69 53 49 39 59 78 63 73 72 70 3 41 76 90 24 27 2 98 28 30 88 32 92 11 17 54 31 23 45 51 15 0 56 60 4 94 75 36 79 80 43 9 1 33 74 50 26 48 99 22 58 18 52 25 83 6 89 66 95 38 81 8 44 77 19 12 91 67 34 86 35 84 93 42 7 71 10
TEST 126 ARG:61 89 16 66 24 50 43 44 79 65 5 42 31 96 29 28 56 27 8 46 57 62 2 18 88 91 69 76 13 82 98 7 37 99 17 87 47 1 3 93 35 41 32 64 92 72 36 9 10 21 80 81 86 26 22 52 77 60 19 95 4 0 20 73 54 15 94 70 83 23 30 85 51 33 74 12 68 11 75 25 84 55 48 40 59 38 97 71 39 45 90 6 67 34 58 14 49 63 78 53
TEST 126 ARG:61 89 16 66 24 50 43 44 79 65 5 42 31 96 29 28 56 27 8 46 57 62 2 18 88 91 69 76 13 82 98 7 37 99 17 87 47 1 3 93 35 41 32 64 92 72 36 9 10 21 80 81 86 26 22 52 77 60 19 95 4 0 20 73 54 15 94 70 83 23 30 85 51 33 74 12 68 11 75 25 84 55 48 40 59 38 97 71 39 45 90 6 67 34 58 14 49 63 78 53
TEST 127 ARG:17 43 53 80 90 51 64 84 71 28 30 81 98 78 79 89 12 93 33 18 50 83 25 91 72 47 38 35 24 5 31 34 36 22 9 87 82 41 77 69 19 92 44 97 16 8 7 60 63 10 45 95 57 27 54 85 70 46 13 0 59 37 76 75 32 21 66 68 15 96 2 26 23 74 52 1 29 58 65 42 67 56 61 6 39 94 86 20 62 99 55 88 49 3 40 48 4 73 14 11
TEST 127 ARG:17 43 53 80 90 51 64 84 71 28 30 81 98 78 79 89 12 93 33 18 50 83 25 91 72 47 38 35 24 5 31 34 36 22 9 87 82 41 77 69 19 92 44 97 16 8 7 60 63 10 45 95 57 27 54 85 70 46 13 0 59 37 76 75 32 21 66 68 15 96 2 26 23 74 52 1 29 58 65 42 67 56 61 6 39 94 86 20 62 99 55 88 49 3 40 48 4 73 14 11
TEST 128 ARG:75 49 14 8 29 71 91 82 84 57 59 12 70 68 90 9 4 13 77 27 7 52 38 55 37 19 97 16 2 53 32 18 15 67 56 6 46 78 47 51 50 41 62 25 22 54 11 93 88 42 63 44 24 79 35 72 96 1 76 20 21 66 74 83 17 58 69 36 10 92 98 87 80 31 86 30 3 5 40 85 99 61 94 28 95 39 64 81 26 60 34 65 0 33 48 89 43 73 23 45
TEST 128 ARG:75 49 14 8 29 71 91 82 84 57 59 12 70 68 90 9 4 13 77 27 7 52 38 55 37 19 97 16 2 53 32 18 15 67 56 6 46 78 47 51 50 41 62 25 22 54 11 93 88 42 63 44 24 79 35 72 96 1 76 20 21 66 74 83 17 58 69 36 10 92 98 87 80 31 86 30 3 5 40 85 99 61 94 28 95 39 64 81 26 60 34 65 0 33 48 89 43 73 23 45
TEST 129 ARG:78 93 12 42 2 88 39 71 21 26 18 32 97 51 0 74 99 19 30 9 24 4 5 64 77 87 14 96 90 34 25 47 46 89 76 7 85 20 31 73 86 72 17 38 60 67 79 36 52 10 69 81 22 44 91 58 54 1 92 33 23 57 56 16 95 66 98 61 65 37 49 28 53 29 70 59 68 55 40 43 3 84 11 13 82 62 50 45 41 6 83 63 75 8 15 94 35 80 27 48
TEST 129 ARG:78 93 12 42 2 88 39 71 21 26 18 32 97 51 0 74 99 19 30 9 24 4 5 64 77 87 14 96 90 34 25 47 46 89 76 7 85 20 31 73 86 72 17 38 60 67 79 36 52 10 69 81 22 44 91 58 54 1 92 33 23 57 56 16 95 66 98 61 65 37 49 28 53 29 70 59 68 55 40 43 3 84 11 13 82 62 50 45 41 6 83 63 75 8 15 94 35 80 27 48
TEST 130 ARG:53 71 96 10 23 73 77 30 33 88 0 63 28 47 19 85 42 80 54 2 31 58 48 62 18 74 86 11 64 67 93 52 41 82 46 97 38 4 7 24 61 29 43 16 39 36 45 15 65 56 91 70 81 6 51 3 27 99 55 78 34 26 25 49 50 90 98 37 69 14 57 17 84 72 1 66 35 44 21 76 59 68 22 94 9 95 89 87 32 12 8 13 60 40 83 92 79 20 75 5
TEST 130 ARG:53 71 96 10 23 73 77 30 33 88 0 63 28 47 19 85 42 80 54 2 31 58 48 62 18 74 86 11 64 67 93 52 41 82 46 97 38 4 7 24 61 29 43 16 39 36 45 15 65 56 91 70 81 6 51 3 27 99 55 78 34 26 25 49 50 90 98 37 69 14 57 17 84 72 1 66 35 44 21 76 59 68 22 94 9 95 89 87 32 12 8 13 60 40 83 92 79 20 75 5
TEST 131 ARG:60 40 39 17 58 92 73 32 2 43 52 50 31 95 86 13 69 20 66 47 19 70 51 72 0 7 53 75 34 26 12 54 33 83 97 15 10 44 88 74 93 96 76 9 27 48 57 6 1 55 90 84 81 45 67 77 56 28 41 80 5 37 14 23 4 18 29 91 30 68 21 25 24 11 36 98 8 61 38 78 87 82 62 89 85 16 42 49 79 99 64 63 3 94 65 22 35 59 71 46
TEST 131 ARG:60 40 39 17 58 92 73 32 2 43 52 50 31 95 86 13 69 20 66 47 19 70 51 72 0 7 53 75 34 26 12 54 33 83 97 15 10 44 88 74 93 96 76 9 27 48 57 6 1 55 90 84 81 45 67 77 56 28 41 80 5 37 14 23 4 18 29 91 30 68 21 25 24 11 36 98 8 61 38 78 87 82 62 89 85 16 42 49 79 99 64 63 3 94 65 22 35 59 71 46
TEST 132 ARG:4 76 78 19 96 66 34 33 17 3 21 35 45 8 42 52 38 95 88 85 50 48 30 37 59 7 83 36 20 68 71 87 65 28 5 64 93 97 46 86 84 77 56 10 31 32 69 75 6 18 47 70 43 53 9 14 13 94 41 57 92 99 58 39 98 60 40 82 89 67 49 55 15 51 73 74 79 29 63 22 54 24 90 23 27 0 61 11 26 62 12 44 80 25 91 16 72 1 81 2
TEST 132 ARG:4 76 78 19 96 66 34 33 17 3 21 35 45 8 42 52 38 95 88 85 50 48 30 37 59 7 83 36 20 68 71 87 65 28 5 64 93 97 46 86 84 77 56 10 31 32 69 75 6 18 47 70 43 53 9 14 13 94 41 57 92 99 58 39 98 60 40 82 89 67 49 55 15 51 73 74 79 29 63 22 54 24 90 23 27 0 61 11 26 62 12 44 80 25 91 16 72 1 81 2
TEST 133 ARG:34 22 86 47 72 84 2 10 59 66 35 24 79 65 30 82 60 98 14 20 40 89 3 92 36 78 69 26 12 96 75 99 67 63 17 53 37 87 76 50 83 6 19 0 7 61 32 46 80 91 31 73 11 90 44 41 64 62 42 54 95 4 49 85 88 97 52 38 68 5 81 93 77 27 13 74 70 9 71 15 8 55 1 16 21 28 33 57 29 48 18 43 25 56 94 45 58 51 39 23
TEST 133 ARG:34 22 86 47 72 84 2 10 59 66 35 24 79 65 30 82 60 98 14 20 40 89 3 92 36 78 69 26 12 96 75 99 67 63 17 53 37 87 76 50 83 6 19 0 7 61 32 46 80 91 31 73 11 90 44 41 64 62 42 54 95 4 49 85 88 97 52 38 68 5 81 93 77 27 13 74 70 9 71 15 8 55 1 16 21 28 33 57 29 48 18 43 25 56 94 45 58 51 39 23
TEST 134 ARG:21 25 6 31 16 64 24 7 19 26 53 94 11 68 0 69 61 22 79 88 29 92 89 60 17 91 15 76 20 95 55 73 67 36 33 58 78 98 62 90 66 99 56 18 75 57 54 40 51 38 80 3 52 46 50 14 84 1 28 96 70 77 10 65 37 93 32 5 41 12 74 45 82 47 71 81 87 97 30 4 42 8 2 23 72 44 39 86 85 27 13 48 43 49 59 9 83 35 34 63
TEST 134 ARG:21 25 6 31 16 64 24 7 19 26 53 94 11 68 0 69 61 22 79 88 29 92 89 60 17 91 15 76 20 95 55 73 67 36 33 58 78 98 62 90 66 99 56 18 75 57 54 40 51 38 80 3 52 46 50 14 84 1 28 96 70 77 10 65 37 93 32 5 41 12 74 45 82 47 71 81 87 97 30 4 42 8 2 23 72 44 39 86 85 27 13 48 43 49 59 9 83 35 34 63
TEST 135 ARG:84 50 49 52 96 70 75 78 63 28 97 51 85 5 72 9 46 12 64 66 25 7 2 15 23 62 92 68 22 89 29 58 91 65 39 11 10 33 98 76 18 13 40 87 27 47 77 55 32 41 24 6 20 99 80 4 53 17 1 48 3 35 93 44 94 69 31 42 56 45 43 0 34 86 88 57 38 30 67 37 54 36 21 19 60 74 8 83 61 95 73 81 82 59 16 14 90 79 26 71
TEST 135 ARG:84 50 49 52 96 70 75 78 63 28 97 51 85 5 72 9 46 12 64 66 25 7 2 15 23 62 92 68 22 89 29 58 91 65 39 11 10 33 98 76 18 13 40 87 27 47 77 55 32 41 24 6 20 99 80 4 53 17 1 48 3 35 93 44 94 69 31 42 56 45 43 0 34 86 88 57 38 30 67 37 54 36 21 19 60 74 8 83 61 95 73 81 82 59 16 14 90 79 26 71
TEST 136 ARG:17 23 1 44 18 81 83 82 52 65 7 15 57 42 63 56 46 5 62 0 92 93 31 35 12 29 47 98 26 51 55 68 30 49 91 80 54 60 27 70 95 36 90 9 8 72 69 41 85 88 38 75 11 89 4 94 16 79 43 97 24 20 96 87 50 34 86 45 73 99 40 6 58 67 59 77 2 53 37 22 84 76 21 74 25 14 66 28 3 48 39 32 64 13 33 61 78 10 71 19
TEST 136 ARG:17 23 1 44 18 81 83 82 52 65 7 15 57 42 63 56 46 5 62 0 92 93 31 35 12 29 47 98 26 51 55 68 30 49 91 80 54 60 27 70 95 36 90 9 8 72 69 41 85 88 38 75 11 89 4 94 16 79 43 97 24 20 96 87 50 34 86 45 73 99 40 6 58 67 59 77 2 53 37 22 84 76 21 74 25 14 66 28 3 48 39 32 64 13 33 61 78 10 71 19
TEST 137 ARG:1 82 77 40 47 19 43 17 91 90 96 15 37 72 33 70 81 53 50 5 66 73 83 61 22 10 14 18 89 97 25 63 56 59 13 20 46 11 67 55 95 38 12 26 28 99 64 87 29 45 69 21 3 58 2 80 49 51 79 94 85 34 86 35 0 36 76 71 30 41 93 9 48 31 68 7 8 65 62 98 60 84 23 74 42 54 16 78 32 27 57 44 52 4 92 75 24 88 6 39
TEST 137 ARG:1 82 77 40 47 19 43 17 91 90 96 15 37 72 33 70 81 53 50 5 66 73 83 61 22 10 14 18 89 97 25 63 56 59 13 20 46 11 67 55 95 38 12 26 28 99 64 87 29 45 69 21 3 58 2 80 49 51 79 94 85 34 86 35 0 36 76 71 30 41 93 9 48 31 68 7 8 65 62 98 60 84 23 74 42 54 16 78 32 27 57 44 52 4 92 75 24 88 6 39
TEST 138 ARG:89 82 7 29 86 20 21 97 0 54 77 13 26 8 56 53 6 83 73 85 24 33 36 23 69 95 17 10 32 72 57 43 64 67 27 39 79 16 14 59 91 65 18 98 49 15 63 76 80 45 11 46 4 90 84 94 3 25 99 35 19 41 12 2 58 70 5 47 75 9 37 78 44 48 55 51 30 38 34 40 22 42 31 71 74 1 60 61 88 52 68 28 50 87 93 92 66 62 96 81
TEST 138 ARG:89 82 7 29 86 20 21 97 0 54 77 13 26 8 56 53 6 83 73 85 24 33 36 23 69 95 17 10 32 72 57 43 64 67 27 39 79 16 14 59 91 65 18 98 49 15 63 76 80 45 11 46 4 90 84 94 3 25 99 35 19 41 12 2 58 70 5 47 75 9 37 78 44 48 55 51 30 38 34 40 22 42 31 71 74 1 60 61 88 52 68 28 50 87 93 92 66 62 96 81
TEST 139 ARG:45 75 78 52 66 7 42 24 76 2 74 36 99 49 0 94 65 61 70 27 89 56 18 79 26 48 15 60 69 84 62 30 87 37 64 46 71 97 82 14 29 54 16 92 17 59 80 32 38 86 53 19 5 67 12 28 95 22 34 4 13 35 21 31 72 47 73 41 63 10 20 58 11 90 25 33 43 93 51 83 88 91 55 1 77 81 6 44 8 40 57 50 96 98 23 39 68 85 3 9
TEST 139 ARG:45 75 78 52 66 7 42 24 76 2 74 36 99 49 0 94 65 61 70 27 89 56 18 79 26 48 15 60 69 84 62 30 87 37 64 46 71 97 82 14 29 54 16 92 17 59 80 32 38 86 53 19 5 67 12 28 95 22 34 4 13 35 21 31 72 47 73 41 63 10 20 58 11 90 25 33 43 93 51 83 88 91 55 1 77 81 6 44 8 40 57 50 96 98 23 39 68 85 3 9
TEST 140 ARG:18 7 82 8 3 92 95 76 87 59 5 34 28 60 77 31 33 4 0 35 93 85 41 96 40 21 24 14 97 62 32 16 39 1 22 52 80 10 73 12 54 6 55 89 63 58 27 78 72 51 99 42 37 43 71 68 29 17 70 66 65 11 26 19 74 15 64 36 98 9 38 50 49 45 81 23 83 86 88 20 69 2 79 91 56 30 53 90 84 94 75 57 67 25 44 48 47 61 46 13
TEST 140 ARG:18 7 82 8 3 92 95 76 87 59 5 34 28 60 77 31 33 4 0 35 93 85 41 96 40 21 24 14 97 62 32 16 39 1 22 52 80 10 73 12 54 6 55 89 63 58 27 78 72 51 99 42 37 43 71 68 29 17 70 66 65 11 26 19 74 15 64 36 98 9 38 50 49 45 81 23 83 86 88 20 69 2 79 91 56 30 53 90 84 94 75 57 67 25 44 48 47 61 46 13
TEST 141 ARG:61 52 93 71 47 15 51 75 17 83 69 92 8 27 37 33 34 62 23 94 12 46 55 82 19 45 38 58 2 67 41 9 79 59 96 49 20 44 97 32 7 40 57 6 63 98 87 80 4 36 89 90 14 99 74 78 77 0 30 48 73 10 21 70 56 24 26 50 22 68 35 64 60 95 1 25 13 42 18 5 86 85 29 91 28 53 31 88 16 54 65 66 81 84 76 11 3 72 39 43
TEST 141 ARG:61 52 93 71 47 15 51 75 17 83 69 92 8 27 37 33 34 62 23 94 12 46 55 82 19 45 38 58 2 67 41 9 79 59 96 49 20 44 97 32 7 40 57 6 63 98 87 80 4 36 89 90 14 99 74 78 77 0 30 48 73 10 21 70 56 24 26 50 22 68 35 64 60 95 1 25 13 42 18 5 86 85 29 91 28 53 31 88 16 54 65 66 81 84 76 11 3 72 39 43
TEST 142 ARG:67 1 44 86 42 74 55 40 53 45 93 14 28 19 87 80 7 99 82 58 65 61 64 73 70 83 97 57 11 92 15 94 8 48 56 5 32 59 47 39 78 98 66 30 95 38 54 88 0 25 43 72 27 62 36 20 79 33 91 68 35 21 89 77 12 90 9 85 31 71 26 16 18 6 46 22 29 63 51 24 96 49 13 75 23 41 10 52 4 81 84 76 37 2 50 3 34 60 69 17
TEST 142 ARG:67 1 44 86 42 74 55 40 53 45 93 14 28 19 87 80 7 99 82 58 65 61 64 73 70 83 97 57 11 92 15 94 8 48 56 5 32 59 47 39 78 98 66 30 95 38 54 88 0 25 43 72 27 62 36 20 79 33 91 68 35 21 89 77 12 90 9 85 31 71 26 16 18 6 46 22 29 63 51 24 96 49 13 75 23 41 10 52 4 81 84 76 37 2 50 3 34 60 69 17
TEST 143 ARG:19 94 26 81 63 5 67 12 82 43 91 74 69 15 73 41 18 90 89 61 77 32 47 72 31 40 28 14 54 34 8 36 29 56 11 17 49 51 44 6 10 62 86 96 87 22 95 98 97 88 2 57 83 21 48 64 27 46 93 50 58 42 25 24 85 76 55 7 1 80 20 84 59 35 71 53 60 99 65 9 37 0 30 68 23 70 13 45 79 33 39 75 4 66 16 38 3 52 78 92
TEST 143 ARG:19 94 26 81 63 5 67 12 82 43 91 74 69 15 73 41 18 90 89 61 77 32 47 72 31 40 28 14 54 34 8 36 29 56 11 17 49 51 44 6 10 62 86 96 87 22 95 98 97 88 2 57 83 21 48 64 27 46 93 50 58 42 25 24 85 76 55 7 1 80 20 84 59 35 71 53 60 99 65 9 37 0 30 68 23 70 13 45 79 33 39 75 4 66 16 38 3 52 78 92
TEST 144 ARG:52 41 6 70 96 37 59 74 13 23 80 92 43 99 56 84 28 55 42 20 9 11 54 75 57 45 62 29 33 3 53 95 21 65 97 48 68 14 98 81 12 25 82 66 93 22 27 24 67 46 85 63 76 26 49 17 0 94 5 8 91 72 38 30 73 71 58 32 51 83 31 87 7 60 36 79 90 18 39 10 89 78 77 88 1 35 64 44 50 61 69 19 86 4 34 15 2 40 16 47
TEST 144 ARG:52 41 6 70 96 37 59 74 13 23 80 92 43 99 56 84 28 55 42 20 9 11 54 75 57 45 62 29 33 3 53 95 21 65 97 48 68 14 98 81 12 25 82 66 93 22 27 24 67 46 85 63 76 26 49 17 0 94 5 8 91 72 38 30 73 71 58 32 51 83 31 87 7 60 36 79 90 18 39 10 89 78 77 88 1 35 64 44 50 61 69 19 86 4 34 15 2 40 16 47
TEST 145 ARG:66 43 83 24 1 46 38 57 18 17 15 88 19 45 7 22 30 96 5 76 3 12 92 55 4 67 29 34 32 39 82 53 36 9 59 25 80 75 94 41 60 33 0 87 48 99 64 77 50 21 71 49 13 10 97 27 70 8 52 40 11 42 58 61 85 2 44 89 51 79 35 74 16 68 37 84 72 65 63 93 28 23 47 81 6 73 90 54 14 31 26 69 20 98 78 62 95 91 86 56
TEST 145 ARG:66 43 83 24 1 46 38 57 18 17 15 88 19 45 7 22 30 96 5 76 3 12 92 55 4 67 29 34 32 39 82 53 36 9 59 25 80 75 94 41 60 33 0 87 48 99 64 77 50 21 71 49 13 10 97 27 70 8 52 40 11 42 58 61 85 2 44 89 51 79 35 74 16 68 37 84 72 65 63 93 28 23 47 81 6 73 90 54 14 31 26 69 20 98 78 62 95 91 86 56
TEST 146 ARG:31 39 72 65 69 36 71 25 15 45 23 67 7 62 47 51 44 81 90 5 12 0 85 32 17 37 33 83 24 2 43 41 21 34 60 76 89 8 19 49 74 88 96 86 10 95 30 64 78 75 52 92 73 54 40 82 48 70 13 58 1 61 4 93 14 50 35 22 84 59 87 26 66 91 80 98 6 9 20 77 16 46 28 97 38 68 29 42 27 79 55 57 11 53 99 63 18 3 56 94
TEST 146 ARG:31 39 72 65 69 36 71 25 15 45 23 67 7 62 47 51 44 81 90 5 12 0 85 32 17 37 33 83 24 2 43 41 21 34 60 76 89 8 19 49 74 88 96 86 10 95 30 64 78 75 52 92 73 54 40 82 48 70 13 58 1 61 4 93 14 50 35 22 84 59 87 26 66 91 80 98 6 9 20 77 16 46 28 97 38 68 29 42 27 79 55 57 11 53 99 63 18 3 56 94
TEST 147 ARG:13 14 57 54 37 46 7 64 39 3 76 82 47 43 8 1 83 23 87 60 79 27 22 34 52 31 55 36 4 72 71 18 9 28 89 80 90 12 15 61 78 99 38 41 21 32 85 88 75 74 59 91 35 97 5 51 84 2 40 17 66 11 45 53 58 65 77 16 49 25 67 44 70 98 10 95 48 30 73 93 0 26 56 68 24 20 92 50 29 62 63 86 6 96 69 42 81 94 19 33
TEST 147 ARG:13 14 57 54 37 46 7 64 39 3 76 82 47 43 8 1 83 23 87 60 79 27 22 34 52 31 55 36 4 72 71 18 9 28 89 80 90 12 15 61 78 99 38 41 21 32 85 88 75 74 59 91 35 97 5 51 84 2 40 17 66 11 45 53 58 65 77 16 49 25 67 44 70 98 10 95 48 30 73 93 0 26 56 68 24 20 92 50 29 62 63 86 6 96 69 42 81 94 19 33
TEST 148 ARG:81 7 98 24 46 91 68 94 40 85 21 51 66 75 17 6 35 27 90 39 86 58 1 70 87 59 32 20 2 48 3 57 88 28 50 54 33 22 25 38 45 14 96 74 73 77 97 82 71 80 37 4 69 0 12 76 18 89 34 29 93 23 15 5 31 78 99 60 36 72 19 65 11 79 49 9 61 10 43 41 63 8 26 30 83 84 13 55 52 44 42 67 92 64 16 56 95 62 47 53
TEST 148 ARG:81 7 98 24 46 91 68 94 40 85 21 51 66 75 17 6 35 27 90 39 86 58 1 70 87 59 32 20 2 48 3 57 88 28 50 54 33 22 25 38 45 14 96 74 73 77 97 82 71 80 37 4 69 0 12 76 18 89 34 29 93 23 15 5 31 78 99 60 36 72 19 65 11 79 49 9 61 10 43 41 63 8 26 30 83 84 13 55 52 44 42 67 92 64 16 56 95 62 47 53
TEST 149 ARG:23 17 39 19 93 90 51 33 22 63 81 53 34 73 94 77 48 54 66 27 89 40 26 25 52 21 47 59 30 98 42 64 45 58 41 97 15 83 65 37 57 4 70 99 68 49 2 56 76 3 72 8 85 60 1 5 79 0 84 96 28 92 95 20 16 10 38 62 75 29 35 7 71 69 50 44 14 61 82 78 80 13 86 12 11 91 6 74 67 55 31 46 9 18 24 32 43 88 36 87
TEST 149 ARG:23 17 39 19 93 90 51 33 22 63 81 53 34 73 94 77 48 54 66 27 89 40 26 25 52 21 47 59 30 98 42 64 45 58 41 97 15 83 65 37 57 4 70 99 68 49 2 56 76 3 72 8 85 60 1 5 79 0 84 96 28 92 95 20 16 10 38 62 75 29 35 7 71 69 50 44 14 61 82 78 80 13 86 12 11 91 6 74 67 55 31 46 9 18 24 32 43 88 36 87
TEST 150 ARG:64 57 43 75 92 62 30 74 28 23 89 31 56 54 67 12 68 60 93 39 26 70 50 8 88 99 11 27 1 32 10 65 19 58 0 42 46 55 76 36 82 21 73 14 4 18 7 29 15 80 38 3 40 77 49 98 61 17 59 48 22 71 44 52 90 72 96 94 16 2 45 83 20 81 51 63 33 13 78 66 41 35 86 84 6 53 79 25 34 47 37 69 5 95 9 87 91 97 85 24
TEST 150 ARG:64 57 43 75 92 62 30 74 28 23 89 31 56 54 67 12 68 60 93 39 26 70 50 8 88 99 11 27 1 32 10 65 19 58 0 42 46 55 76 36 82 21 73 14 4 18 7 29 15 80 38 3 40 77 49 98 61 17 59 48 22 71 44 52 90 72 96 94 16 2 45 83 20 81 51 63 33 13 78 66 41 35 86 84 6 53 79 25 34 47 37 69 5 95 9 87 91 97 85 24
TEST 151 ARG:46 56 14 96 3 80 66 17 69 64 86 92 12 79 36 90 71 61 57 91 43 82 72 87 26 85 67 68 10 27 30 63 52 75 32 73 74 23 89 37 31 33 54 49 50 22 24 39 16 11 18 99 95 40 42 9 45 29 28 44 48 94 8 4 7 62 78 60 76 5 77 84 21 0 25 35 58 13 65 83 53 93 20 81 19 2 47 98 88 55 41 1 15 59 70 51 38 34 97 6
TEST 151 ARG:46 56 14 96 3 80 66 17 69 64 86 92 12 79 36 90 71 61 57 91 43 82 72 87 26 85 67 68 10 27 30 63 52 75 32 73 74 23 89 37 31 33 54 49 50 22 24 39 16 11 18 99 95 40 42 9 45 29 28 44 48 94 8 4 7 62 78 60 76 5 77 84 21 0 25 35 58 13 65 83 53 93 20 81 19 2 47 98 88 55 41 1 15 59 70 51 38 34 97 6
TEST 152 ARG:0 6 14 98 68 38 56 97 57 95 5 78 94 35 26 75 24 27 79 29 80 81 74 61 64 25 72 33 53 11 91 39 8 12 89 76 7 66 22 69 54 59 2 63 62 13 65 30 60 37 15 44 70 45 9 47 1 84 16 88 32 19 46 90 58 10 34 40 50 77 99 55 23 96 73 31 48 67 71 36 51 3 20 87 49 18 83 92 52 28 41 43 4 42 86 21 82 17 93 85
TEST 152 ARG:0 6 14 98 68 38 56 97 57 95 5 78 94 35 26 75 24 27 79 29 80 81 74 61 64 25 72 33 53 11 91 39 8 12 89 76 7 66 22 69 54 59 2 63 62 13 65 30 60 37 15 44 70 45 9 47 1 84 16 88 32 19 46 90 58 10 34 40 50 77 99 55 23 96 73 31 48 67 71 36 51 3 20 87 49 18 83 92 52 28 41 43 4 42 86 21 82 17 93 85
TEST 153 ARG:79 15 89 41 97 46 42 65 99 76 56 55 5 87 71 63 9 37 58 61 25 74 16 20 22 60 6 29 84 24 73 13 10 12 80 0 96 43 4 3 18 26 1 83 28 32 57 49 44 14 48 88 47 86 38 93 59 36 66 17 21 27 8 33 64 2 92 68 62 67 69 11 94 45 51 82 31 50 70 39 91 53 75 77 7 54 35 85 90 30 78 95 81 52 98 40 23 72 19 34
TEST 153 ARG:79 15 89 41 97 46 42 65 99 76 56 55 5 87 71 63 9 37 58 61 25 74 16 20 22 60 6 29 84 24 73 13 10 12 80 0 96 43 4 3 18 26 1 83 28 32 57 49 44 14 48 88 47 86 38 93 59 36 66 17 21 27 8 33 64 2 92 68 62 67 69 11 94 45 51 82 31 50 70 39 91 53 75 77 7 54 35 85 90 30 78 95 81 52 98 40 23 72 19 34
TEST 154 ARG:69 9 87 91 18 4 47 17 30 99 66 70 15 98 8 6 13 68 71 46 14 97 22 74 16 95 7 34 59 19 55 27 37 93 33 48 90 5 51 56 42 58 2 3 0 78 96 94 29 64 57 63 77 89 65 73 45 43 81 79 44 31 24 54 1 82 23 28 75 20 49 41 86 11 84 76 52 32 26 40 53 72 67 21 50 83 25 35 38 62 80 39 92 61 36 88 85 60 10 12
TEST 154 ARG:69 9 87 91 18 4 47 17 30 99 66 70 15 98 8 6 13 68 71 46 14 97 22 74 16 95 7 34 59 19 55 27 37 93 33 48 90 5 51 56 42 58 2 3 0 78 96 94 29 64 57 63 77 89 65 73 45 43 81 79 44 31 24 54 1 82 23 28 75 20 49 41 86 11 84 76 52 32 26 40 53 72 67 21 50 83 25 35 38 62 80 39 92 61 36 88 85 60 10 12
TEST 155 ARG:84 87 9 27 96 11 60 90 88 0 72 99 55 39 77 18 57 51 75 74 78 29 91 95 69 85 5 47 8 31 46 21 10 86 37 28 44 15 58 59 54 2 81 24 98 25 48 23 4 43 40 50 83 34 19 67 1 97 53 79 68 22 49 65 89 6 93 30 32 17 38 41 73 35 42 26 14 3 61 94 33 7 80 64 45 63 12 70 92 76 20 16 56 52 82 66 13 62 36 71
TEST 155 ARG:84 87 9 27 96 11 60 90 88 0 72 99 55 39 77 18 57 51 75 74 78 29 91 95 69 85 5 47 8 31 46 21 10 86 37 28 44 15 58 59 54 2 81 24 98 25 48 23 4 43 40 50 83 34 19 67 1 97 53 79 68 22 49 65 89 6 93 30 32 17 38 41 73 35 42 26 14 3 61 94 33 7 80 64 45 63 12 70 92 76 20 16 56 52 82 66 13 62 36 71
TEST 156 ARG:95 52 63 4 12 74 25 17 70 38 46 73 69 5 22 79 34 92 50 18 3 99 23 65 91 58 19 89 6 93 41 37 51 87 67 20 11 33 9 88 60 32 35 42 64 21 83 28 36 81 96 86 14 8 13 76 1 57 61 56 39 77 15 0 2 44 27 59 47 71 97 54 98 30 94 7 78 82 85 26 80 48 24 53 10 75 55 84 43 66 62 29 45 40 16 49 90 68 31 72
TEST 156 ARG:95 52 63 4 12 74 25 17 70 38 46 73 69 5 22 79 34 92 50 18 3 99 23 65 91 58 19 89 6 93 41 37 51 87 67 20 11 33 9 88 60 32 35 42 64 21 83 28 36 81 96 86 14 8 13 76 1 57 61 56 39 77 15 0 2 44 27 59 47 71 97 54 98 30 94 7 78 82 85 26 80 48 24 53 10 75 55 84 43 66 62 29 45 40 16 49 90 68 31 72
TEST 157 ARG:50 32 65 29 45 86 47 6 55 30 97 8 9 56 52 80 68 39 3 82 4 16 53 78 2 24 71 92 12 72 37 19 17 36 67 7 87 31 62 89 11 10 44 63 73 46 99 33 48 74 13 18 79 66 94 1 57 93 85 20 59 0 14 38 95 23 61 83 58 96 5 28 91 54 40 90 25 81 76 77 21 51 84 49 42 15 69 43 98 60 35 88 70 26 75 41 22 27 34 64
TEST 157 ARG:50 32 65 29 45 86 47 6 55 30 97 8 9 56 52 80 68 39 3 82 4 16 53 78 2 24 71 92 12 72 37 19 17 36 67 7 87 31 62 89 11 10 44 63 73 46 99 33 48 74 13 18 79 66 94 1 57 93 85 20 59 0 14 38 95 23 61 83 58 96 5 28 91 54 40 90 25 81 76 77 21 51 84 49 42 15 69 43 98 60 35 88 70 26 75 41 22 27 34 64
TEST 158 ARG:29 83 40 32 67 0 87 98 94 6 56 17 54 91 60 66 65 51 34 63 24 3 16 46 49 53 38 76 90 58 93 21 73 39 82 62 75 14 95 59 13 72 31 42 30 74 43 96 50 23 1 41 44 35 33 26 71 15 10 86 64 77 61 7 18 84 52 79 70 11 5 88 85 9 36 4 78 37 22 20 68 69 99 48 25 2 92 81 27 19 89 80 55 47 45 28 8 97 12 57
TEST 158 ARG:29 83 40 32 67 0 87 98 94 6 56 17 54 91 60 66 65 51 34 63 24 3 16 46 49 53 38 76 90 58 93 21 73 39 82 62 75 14 95 59 13 72 31 42 30 74 43 96 50 23 1 41 44 35 33 26 71 15 10 86 64 77 61 7 18 84 52 79 70 11 5 88 85 9 36 4 78 37 22 20 68 69 99 48 25 2 92 81 27 19 89 80 55 47 45 28 8 97 12 57
TEST 159 ARG:20 36 49 8 22 51 76 38 4 37 75 2 91 79 35 56 58 13 1 24 16 0 44 95 23 72 31 94 59 28 69 33 9 15 27 21 5 63 10 65 99 57 42 77 14 67 7 73 71 62 64 89 40 47 98 45 81 92 11 6 82 48 19 12 39 87 88 29 34 46 50 66 43 97 30 61 80 86 70 54 96 3 78 32 68 84 52 25 18 26 60 93 74 41 53 55 85 83 17 90
TEST 159 ARG:20 36 49 8 22 51 76 38 4 37 75 2 91 79 35 56 58 13 1 24 16 0 44 95 23 72 31 94 59 28 69 33 9 15 27 21 5 63 10 65 99 57 42 77 14 67 7 73 71 62 64 89 40 47 98 45 81 92 11 6 82 48 19 12 39 87 88 29 34 46 50 66 43 97 30 61 80 86 70 54 96 3 78 32 68 84 52 25 18 26 60 93 74 41 53 55 85 83 17 90
TEST 160 ARG:2 82 97 34 67 21 50 78 63 26 56 69 71 70 40 55 0 43 80 11 3 29 93 86 18 8 16 1 12 32 37 42 45 85 28 44 6 61 22 75 35 98 81 91 5 54 90 58 74 57 24 30 64 99 20 19 27 77 95 83 60 72 53 47 41 4 96 65 9 92 84 52 49 46 10 68 88 14 25 87 13 33 31 79 89 62 38 73 36 15 23 94 66 48 39 7 51 59 17 76
TEST 160 ARG:2 82 97 34 67 21 50 78 63 26 56 69 71 70 40 55 0 43 80 11 3 29 93 86 18 8 16 1 12 32 37 42 45 85 28 44 6 61 22 75 35 98 81 91 5 54 90 58 74 57 24 30 64 99 20 19 27 77 95 83 60 72 53 47 41 4 96 65 9 92 84 52 49 46 10 68 88 14 25 87 13 33 31 79 89 62 38 73 36 15 23 94 66 48 39 7 51 59 17 76
TEST 161 ARG:22 39 41 63 24 89 66 79 1 70 35 73 90 6 49 20 77 7 30 36 34 92 83 54 13 44 27 97 17 43 93 23 62 3 33 37 5 51 18 48 80 29 9 31 53 65 68 86 26 61 95 4 82 72 28 87 64 58 55 14 96 21 52 0 91 15 2 69 84 46 94 45 59 75 10 38 81 42 12 57 76 88 19 78 32 99 47 56 85 60 98 8 40 67 50 16 11 25 74 71
TEST 161 ARG:22 39 41 63 24 89 66 79 1 70 35 73 90 6 49 20 77 7 30 36 34 92 83 54 13 44 27 97 17 43 93 23 62 3 33 37 5 51 18 48 80 29 9 31 53 65 68 86 26 61 95 4 82 72 28 87 64 58 55 14 96 21 52 0 91 15 2 69 84 46 94 45 59 75 10 38 81 42 12 57 76 88 19 78 32 99 47 56 85 60 98 8 40 67 50 16 11 25 74 71
TEST 162 ARG:12 14 43 45 35 17 6 83 97 47 96 13 93 52 1 55 38 61 98 95 29 20 62 53 59 51 60 39 76 23 57 36 22 99 41 50 26 33 31 27 0 86 30 82 32 78 34 64 46 85 72 15 73 24 8 63 16 77 56 3 91 10 42 2 9 89 18 28 54 21 81 87 37 79 67 74 70 66 68 5 71 92 90 80 48 7 19 49 25 11 88 44 58 4 84 94 69 65 40 75
TEST 162 ARG:12 14 43 45 35 17 6 83 97 47 96 13 93 52 1 55 38 61 98 95 29 20 62 53 59 51 60 39 76 23 57 36 22 99 41 50 26 33 31 27 0 86 30 82 32 78 34 64 46 85 72 15 73 24 8 63 16 77 56 3 91 10 42 2 9 89 18 28 54 21 81 87 37 79 67 74 70 66 68 5 71 92 90 80 48 7 19 49 25 11 88 44 58 4 84 94 69 65 40 75
TEST 163 ARG:15 51 41 89 63 93 34 60 83 95 71 13 66 42 5 26 36 11 87 65 88 54 21 79 90 58 50 7 70 20 6 25 10 74 92 44 94 69 43 82 99 46 73 32 33 12 80 22 61 18 40 98 38 31 28 47 9 19 30 8 29 1 86 72 0 55 45 78 81 52 84 16 97 68 35 96 76 3 57 85 56 67 77 75 24 53 23 62 59 2 37 91 49 48 64 17 4 14 39 27
TEST 163 ARG:15 51 41 89 63 93 34 60 83 95 71 13 66 42 5 26 36 11 87 65 88 54 21 79 90 58 50 7 70 20 6 25 10 74 92 44 94 69 43 82 99 46 73 32 33 12 80 22 61 18 40 98 38 31 28 47 9 19 30 8 29 1 86 72 0 55 45 78 81 52 84 16 97 68 35 96 76 3 57 85 56 67 77 75 24 53 23 62 59 2 37 91 49 48 64 17 4 14 39 27
TEST 164 ARG:32 17 60 77 71 84 62 86 2 49 63 26 76 54 53 36 15 64 99 85 6 88 3 11 27 52 43 41 80 93 98 24 42 59 83 14 20 66 55 8 78 67 48 33 56 4 1 10 12 65 89 96 79 28 92 31 61 9 18 82 75 87 73 16 22 39 29 37 51 25 69 50 23 72 38 81 40 5 58 7 68 34 90 19 44 45 95 30 97 94 46 74 21 13 70 0 91 35 57 47
TEST 164 ARG:32 17 60 77 71 84 62 86 2 49 63 26 76 54 53 36 15 64 99 85 6 88 3 11 27 52 43 41 80 93 98 24 42 59 83 14 20 66 55 8 78 67 48 33 56 4 1 10 12 65 89 96 79 28 92 31 61 9 18 82 75 87 73 16 22 39 29 37 51 25 69 50 23 72 38 81 40 5 58 7 68 34 90 19 44 45 95 30 97 94 46 74 21 13 70 0 91 35 57 47
TEST 165 ARG:90 86 20 48 98 87 64 22 8 21 51 29 0 75 30 4 27 16 63 58 79 55 62 26 35 96 69 40 14 37 50 65 31 19 68 12 10 89 85 6 7 9 77 25 42 18 34 23 1 83 56 70 2 67 81 95 80 28 39 15 41 13 94 91 97 24 52 17 92 78 60 44 49 38 33 84 88 57 93 72 82 45 5 43 32 53 73 61 11 47 46 36 74 76 66 59 3 54 99 71
TEST 165 ARG:90 86 20 48 98 87 64 22 8 21 51 29 0 75 30 4 27 16 63 58 79 55 62 26 35 96 69 40 14 37 50 65 31 19 68 12 10 89 85 6 7 9 77 25 42 18 34 23 1 83 56 70 2 67 81 95 80 28 39 15 41 13 94 91 97 24 52 17 92 78 60 44 49 38 33 84 88 57 93 72 82 45 5 43 32 53 73 61 11 47 46 36 74 76 66 59 3 54 99 71
TEST 166 ARG:82 77 74 88 94 72 60 53 81 15 64 80 89 49 87 23 3 52 85 95 39 17 38 56 26 44 30 41 75 66 58 83 70 59 18 96 62 40 91 47 22 9 20 25 61 12 16 57 68 78 90 51 1 76 28 21 37 54 24 45 79 63 67 29 48 46 0 19 6 99 73 71 7 84 31 33 32 69 27 86 35 10 8 36 11 13 97 14 34 93 42 55 4 43 50 2 65 5 98 92
TEST 166 ARG:82 77 74 88 94 72 60 53 81 15 64 80 89 49 87 23 3 52 85 95 39 17 38 56 26 44 30 41 75 66 58 83 70 59 18 96 62 40 91 47 22 9 20 25 61 12 16 57 68 78 90 51 1 76 28 21 37 54 24 45 79 63 67 29 48 46 0 19 6 99 73 71 7 84 31 33 32 69 27 86 35 10 8 36 11 13 97 14 34 93 42 55 4 43 50 2 65 5 98 92
TEST 167 ARG:39 26 11 70 83 16 5 19 42 31 3 56 93 29 18 68 1 74 64 99 43 12 50 84 48 71 75 38 25 62 66 91 49 92 21 4 46 86 36 61 69 72 80 40 60 97 55 98 85 20 33 54 45 44 88 76 17 7 10 51 73 30 96 82 59 13 79 41 53 6 9 67 65 47 2 87 52 34 28 57 95 24 77 15 35 90 37 27 78 23 14 63 22 89 0 81 94 32 8 58
TEST 167 ARG:39 26 11 70 83 16 5 19 42 31 3 56 93 29 18 68 1 74 64 99 43 12 50 84 48 71 75 38 25 62 66 91 49 92 21 4 46 86 36 61 69 72 80 40 60 97 55 98 85 20 33 54 45 44 88 76 17 7 10 51 73 30 96 82 59 13 79 41 53 6 9 67 65 47 2 87 52 34 28 57 95 24 77 15 35 90 37 27 78 23 14 63 22 89 0 81 94 32 8 58
TEST 168 ARG:15 44 54 42 20 94 21 49 39 56 3 43 37 53 22 30 67 32 57 88 2 90 98 31 5 18 26 65 28 80 24 7 17 41 13 81 25 85 73 96 34 16 29 76 97 50 64 12 71 1 4 93 87 74 92 14 82 46 8 52 77 61 45 91 6 79 69 66 99 83 70 47 75 36 35 63 78 0 51 48 10 11 55 84 40 9 19 72 68 58 27 62 86 33 23 60 95 38 59 89
TEST 168 ARG:15 44 54 42 20 94 21 49 39 56 3 43 37 53 22 30 67 32 57 88 2 90 98 31 5 18 26 65 28 80 24 7 17 41 13 81 25 85 73 96 34 16 29 76 97 50 64 12 71 1 4 93 87 74 92 14 82 46 8 52 77 61 45 91 6 79 69 66 99 83 70 47 75 36 35 63 78 0 51 48 10 11 55 84 40 9 19 72 68 58 27 62 86 33 23 60 95 38 59 89
TEST 169 ARG:40 1 53 26 65 67 3 64 5 28 9 70 39 36 72 90 75 68 20 97 33 4 16 38 2 50 77 78 59 96 46 60 81 17 99 43 48 89 32 94 80 6 69 41 91 84 61 93 47 49 37 45 10 83 25 86 82 57 13 95 7 44 18 79 35 73 30 55 58 21 63 23 52 85 14 8 0 29 24 92 34 74 62 31 12 22 27 11 51 71 98 87 88 42 54 76 15 56 66 19
TEST 169 ARG:40 1 53 26 65 67 3 64 5 28 9 70 39 36 72 90 75 68 20 97 33 4 16 38 2 50 77 78 59 96 46 60 81 17 99 43 48 89 32 94 80 6 69 41 91 84 61 93 47 49 37 45 10 83 25 86 82 57 13 95 7 44 18 79 35 73 30 55 58 21 63 23 52 85 14 8 0 29 24 92 34 74 62 31 12 22 27 11 51 71 98 87 88 42 54 76 15 56 66 19
TEST 170 ARG:83 5 19 58 9 23 26 54 40 99 44 43 53 16 39 42 36 62 51 94 75 10 37 81 77 8 55 50 73 24 76 14 91 61 60 82 7 47 59 27 79 68 85 45 30 41 74 31 29 84 96 15 63 67 22 64 80 92 98 21 78 65 57 13 4 90 6 95 20 12 49 38 1 86 66 70 71 18 56 11 28 32 97 3 93 87 34 2 17 33 72 35 89 88 69 48 52 46 0 25
TEST 170 ARG:83 5 19 58 9 23 26 54 40 99 44 43 53 16 39 42 36 62 51 94 75 10 37 81 77 8 55 50 73 24 76 14 91 61 60 82 7 47 59 27 79 68 85 45 30 41 74 31 29 84 96 15 63 67 22 64 80 92 98 21 78 65 57 13 4 90 6 95 20 12 49 38 1 86 66 70 71 18 56 11 28 32 97 3 93 87 34 2 17 33 72 35 89 88 69 48 52 46 0 25
TEST 171 ARG:9 31 86 18 62 34 59 6 93 57 45 12 91 96 53 67 17 13 68 7 65 43 50 81 2 30 51 95 54 21 94 75 99 39 14 60 98 16 71 74 19 87 64 40 44 56 1 76 42 72 27 32 24 49 41 33 5 70 92 22 66 4 25 79 89 29 11 48 73 35 55 90 83 10 52 78 97 0 84 63 46 15 58 69 61 23 88 85 8 38 28 77 3 82 20 36 26 80 37 47
TEST 171 ARG:9 31 86 18 62 34 59 6 93 57 45 12 91 96 53 67 17 13 68 7 65 43 50 81 2 30 51 95 54 21 94 75 99 39 14 60 98 16 71 74 19 87 64 40 44 56 1 76 42 72 27 32 24 49 41 33 5 70 92 22 66 4 25 79 89 29 11 48 73 35 55 90 83 10 52 78 97 0 84 63 46 15 58 69 61 23 88 85 8 38 28 77 3 82 20 36 26 80 37 47
TEST 172 ARG:34 80 88 7 2 91 32 33 22 79 50 11 55 10 95 6 78 47 28 57 3 73 82 31 89 56 18 23 93 20 48 96 84 59 41 52 15 54 30 37 81 8 38 4 67 70 60 99 51 16 1 66 86 26 65 17 94 62 92 46 21 87 75 72 76 40 29 43 58 35 9 25 24 27 98 36 0 13 53 45 68 85 14 5 61 44 12 49 39 19 74 83 64 97 77 63 90 42 71 69
TEST 172 ARG:34 80 88 7 2 91 32 33 22 79 50 11 55 10 95 6 78 47 28 57 3 73 82 31 89 56 18 23 93 20 48 96 84 59 41 52 15 54 30 37 81 8 38 4 67 70 60 99 51 16 1 66 86 26 65 17 94 62 92 46 21 87 75 72 76 40 29 43 58 35 9 25 24 27 98 36 0 13 53 45 68 85 14 5 61 44 12 49 39 19 74 83 64 97 77 63 90 42 71 69
TEST 173 ARG:60 84 66 23 79 39 9 54 0 50 6 61 90 67 32 65 98 72 97 35 94 44 93 31 42 41 21 69 4 86 10 80 5 62 37 16 29 1 88 27 13 7 76 77 8 53 40 47 68 85 20 46 3 26 95 11 64 55 24 15 63 49 73 48 2 83 92 57 78 19 96 17 56 34 36 25 43 74 38 51 89 58 33 82 99 45 14 22 52 75 18 81 71 28 30 70 59 12 87 91
TEST 173 ARG:60 84 66 23 79 39 9 54 0 50 6 61 90 67 32 65 98 72 97 35 94 44 93 31 42 41 21 69 4 86 10 80 5 62 37 16 29 1 88 27 13 7 76 77 8 53 40 47 68 85 20 46 3 26 95 11 64 55 24 15 63 49 73 48 2 83 92 57 78 19 96 17 56 34 36 25 43 74 38 51 89 58 33 82 99 45 14 22 52 75 18 81 71 28 30 70 59 12 87 91
TEST 174 ARG:39 67 5 95 28 83 34 17 77 7 82 68 37 63 21 44 57 99 14 9 91 69 11 32 60 81 23 71 47 65 36 8 49 75 86 94 96 4 31 51 18 59 85 72 27 2 64 61 6 74 41 19 1 98 88 93 80 40 76 10 25 24 52 26 48 54 0 70 3 66 89 53 13 30 20 42 84 15 33 87 50 97 29 22 45 12 73 16 38 78 92 56 58 43 46 35 79 62 90 55
TEST 174 ARG:39 67 5 95 28 83 34 17 77 7 82 68 37 63 21 44 57 99 14 9 91 69 11 32 60 81 23 71 47 65 36 8 49 75 86 94 96 4 31 51 18 59 85 72 27 2 64 61 6 74 41 19 1 98 88 93 80 40 76 10 25 24 52 26 48 54 0 70 3 66 89 53 13 30 20 42 84 15 33 87 50 97 29 22 45 12 73 16 38 78 92 56 58 43 46 35 79 62 90 55
TEST 175 ARG:45 67 25 29 93 51 97 61 52 80 88 14 33 60 28 44 53 85 21 64 12 92 59 65 39 20 7 19 69 74 71 56 63 43 96 18 23 86 76 35 66 82 90 46 22 10 38 77 72 68 5 16 83 47 3 2 11 95 24 15 73 40 84 13 49 57 78 99 55 42 8 54 27 87 1 41 34 0 70 17 75 50 36 79 6 62 37 30 98 91 94 48 81 58 9 4 89 32 26 31
TEST 175 ARG:45 67 25 29 93 51 97 61 52 80 88 14 33 60 28 44 53 85 21 64 12 92 59 65 39 20 7 19 69 74 71 56 63 43 96 18 23 86 76 35 66 82 90 46 22 10 38 77 72 68 5 16 83 47 3 2 11 95 24 15 73 40 84 13 49 57 78 99 55 42 8 54 27 87 1 41 34 0 70 17 75 50 36 79 6 62 37 30 98 91 94 48 81 58 9 4 89 32 26 31
TEST 176 ARG:95 80 77 75 15 36 50 48 46 94 54 71 29 5 93 21 61 31 68 49 97 12 60 78 18 17 4 42 39 11 44 45 16 86 14 23 72 82 25 13 40 9 3 91 59 28 99 87 67 84 85 7 96 56 20 63 33 6 52 0 19 41 62 26 55 92 10 53 8 38 24 81 22 32 34 98 90 66 73 37 74 47 89 57 1 64 43 58 70 30 79 51 2 69 35 83 88 76 65 27
TEST 176 ARG:95 80 77 75 15 36 50 48 46 94 54 71 29 5 93 21 61 31 68 49 97 12 60 78 18 17 4 42 39 11 44 45 16 86 14 23 72 82 25 13 40 9 3 91 59 28 99 87 67 84 85 7 96 56 20 63 33 6 52 0 19 41 62 26 55 92 10 53 8 38 24 81 22 32 34 98 90 66 73 37 74 47 89 57 1 64 43 58 70 30 79 51 2 69 35 83 88 76 65 27
TEST 177 ARG:38 32 48 90 77 37 42 9 20 49 30 14 78 58 74 35 84 73 1 72 68 6 13 87 7 56 22 39 70 95 2 50 61 0 51 81 4 5 88 71 46 44 8 83 27 57 43 79 21 55 23 80 45 41 24 15 10 54 86 25 64 91 85 97 82 59 3 60 19 63 12 33 62 94 36 92 18 34 16 53 66 29 40 76 89 67 75 93 11 52 17 28 65 98 26 47 31 96 99 69
TEST 177 ARG:38 32 48 90 77 37 42 9 20 49 30 14 78 58 74 35 84 73 1 72 68 6 13 87 7 56 22 39 70 95 2 50 61 0 51 81 4 5 88 71 46 44 8 83 27 57 43 79 21 55 23 80 45 41 24 15 10 54 86 25 64 91 85 97 82 59 3 60 19 63 12 33 62 94 36 92 18 34 16 53 66 29 40 76 89 67 75 93 11 52 17 28 65 98 26 47 31 96 99 69
TEST 178 ARG:98 23 99 83 65 9 44 22 37 49 0 72 42 75 92 54 51 64 38 40 33 69 91 12 8 7 2 26 77 73 20 90 39 1 70 30 15 93 53 6 58 67 88 45 28 62 94 21 76 10 56 96 63 4 86 25 34 79 50 60 43 27 52 71 78 66 36 55 13 61 11 31 14 32 19 17 46 97 59 5 29 95 24 48 87 3 35 16 84 57 89 81 85 82 18 47 68 41 74 80
TEST 178 ARG:98 23 99 83 65 9 44 22 37 49 0 72 42 75 92 54 51 64 38 40 33 69 91 12 8 7 2 26 77 73 20 90 39 1 70 30 15 93 53 6 58 67 88 45 28 62 94 21 76 10 56 96 63 4 86 25 34 79 50 60 43 27 52 71 78 66 36 55 13 61 11 31 14 32 19 17 46 97 59 5 29 95 24 48 87 3 35 16 84 57 89 81 85 82 18 47 68 41 74 80
TEST 179 ARG:4 54 24 69 29 62 67 33 56 70 28 26 12 57 21 23 10 65 52 22 47 58 3 48 66 35 71 60 32 99 86 6 9 87 7 38 42 5 91 98 83 44 84 11 59 18 79 16 78 13 77 50 90 55 76 97 37 82 73 31 51 15 61 95 39 46 17 30 68 72 34 64 1 49 36 63 74 0 14 2 53 80 96 41 40 25 94 85 89 8 93 27 81 20 43 19 45 75 92 88
TEST 179 ARG:4 54 24 69 29 62 67 33 56 70 28 26 12 57 21 23 10 65 52 22 47 58 3 48 66 35 71 60 32 99 86 6 9 87 7 38 42 5 91 98 83 44 84 11 59 18 79 16 78 13 77 50 90 55 76 97 37 82 73 31 51 15 61 95 39 46 17 30 68 72 34 64 1 49 36 63 74 0 14 2 53 80 96 41 40 25 94 85 89 8 93 27 81 20 43 19 45 75 92 88
TEST 180 ARG:22 59 83 55 42 51 76 91 72 66 47 25 32 27 8 41 93 40 56 80 61 30 94 45 90 71 36 67 35 62 19 79 37 0 28 52 23 43 88 12 20 49 82 54 97 57 64 9 99 53 29 87 86 50 6 48 68 14 21 95 75 78 18 38 96 31 74 60 26 13 24 85 77 4 1 10 46 73 11 44 69 63 33 81 17 7 84 16 5 2 98 58 39 34 89 3 15 70 92 65
TEST 180 ARG:22 59 83 55 42 51 76 91 72 66 47 25 32 27 8 41 93 40 56 80 61 30 94 45 90 71 36 67 35 62 19 79 37 0 28 52 23 43 88 12 20 49 82 54 97 57 64 9 99 53 29 87 86 50 6 48 68 14 21 95 75 78 18 38 96 31 74 60 26 13 24 85 77 4 1 10 46 73 11 44 69 63 33 81 17 7 84 16 5 2 98 58 39 34 89 3 15 70 92 65
TEST 181 ARG:36 26 80 46 99 9 85 29 15 94 62 5 98 61 48 42 90 52 56 41 27 35 59 47 2 66 78 82 14 1 81 19 70 21 13 3 67 83 77 84 31 22 75 44 57 40 24 93 64 51 37 38 20 0 89 54 74 92 8 73 43 25 7 97 16 33 18 12 55 30 10 76 50 60 71 34 91 87 72 65 11 68 63 96 32 28 69 49 88 39 79 53 95 6 58 86 17 23 45 4
TEST 181 ARG:36 26 80 46 99 9 85 29 15 94 62 5 98 61 48 42 90 52 56 41 27 35 59 47 2 66 78 82 14 1 81 19 70 21 13 3 67 83 77 84 31 22 75 44 57 40 24 93 64 51 37 38 20 0 89 54 74 92 8 73 43 25 7 97 16 33 18 12 55 30 10 76 50 60 71 34 91 87 72 65 11 68 63 96 32 28 69 49 88 39 79 53 95 6 58 86 17 23 45 4
TEST 182 ARG:5 22 80 93 16 26 0 6 91 29 95 27 20 24 75 15 83 67 49 23 62 84 34 59 99 54 4 32 60 56 55 36 74 47 38 90 69 73 42 14 58 21 2 52 79 76 63 81 78 51 37 97 94 98 92 19 70 89 35 10 61 1 64 9 30 96 46 68 65 41 66 12 85 88 28 33 11 45 71 57 77 43 40 25 53 7 17 44 72 18 13 39 86 82 87 8 3 50 48 31
TEST 182 ARG:5 22 80 93 16 26 0 6 91 29 95 27 20 24 75 15 83 67 49 23 62 84 34 59 99 54 4 32 60 56 55 36 74 47 38 90 69 73 42 14 58 21 2 52 79 76 63 81 78 51 37 97 94 98 92 19 70 89 35 10 61 1 64 9 30 96 46 68 65 41 66 12 85 88 28 33 11 45 71 57 77 43 40 25 53 7 17 44 72 18 13 39 86 82 87 8 3 50 48 31
TEST 183 ARG:49 18 51 61 58 47 68 87 46 22 34 93 10 26 45 84 0 21 30 90 36 4 54 62 65 28 14 8 71 73 86 23 69 48 55 53 78 24 76 57 39 15 81 60 44 75 42 97 9 1 80 89 27 16 19 43 92 96 35 63 70 85 33 88 82 50 2 59 5 91 31 79 38 83 98 20 67 12 7 77 29 13 41 17 64 3 99 66 52 72 56 37 94 11 40 95 6 32 74 25
TEST 183 ARG:49 18 51 61 58 47 68 87 46 22 34 93 10 26 45 84 0 21 30 90 36 4 54 62 65 28 14 8 71 73 86 23 69 48 55 53 78 24 76 57 39 15 81 60 44 75 42 97 9 1 80 89 27 16 19 43 92 96 35 63 70 85 33 88 82 50 2 59 5 91 31 79 38 83 98 20 67 12 7 77 29 13 41 17 64 3 99 66 52 72 56 37 94 11 40 95 6 32 74 25
TEST 184 ARG:74 47 6 4 26 76 3 1 9 70 22 17 66 5 86 51 98 52 84 35 56 24 8 40 99 93 71 12 38 2 60 19 91 96 7 18 75 85 69 39 79 46 32 89 25 62 10 77 83 49 81 31 16 11 43 72 21 65 20 67 50 54 78 82 37 0 36 90 23 88 95 33 44 64 68 45 53 14 27 34 61 59 63 55 30 41 92 73 58 29 13 42 94 48 15 57 87 80 28 97
TEST 184 ARG:74 47 6 4 26 76 3 1 9 70 22 17 66 5 86 51 98 52 84 35 56 24 8 40 99 93 71 12 38 2 60 19 91 96 7 18 75 85 69 39 79 46 32 89 25 62 10 77 83 49 81 31 16 11 43 72 21 65 20 67 50 54 78 82 37 0 36 90 23 88 95 33 44 64 68 45 53 14 27 34 61 59 63 55 30 41 92 73 58 29 13 42 94 48 15 57 87 80 28 97
TEST 185 ARG:27 9 75 24 15 61 20 8 41 86 76 39 79 46 29 62 50 48 5 99 77 14 74 4 12 10 49 83 43 60 1 73 53 36 54 97 67 65 85 44 16 26 78 93 11 42 98 55 45 96 92 19 13 88 22 33 63 21 30 72 52 37 31 47 57 80 34 3 68 70 17 32 81 69 38 71 6 2 0 90 51 25 7 59 56 40 64 66 28 84 91 87 94 95 18 35 58 89 82 23
TEST 185 ARG:27 9 75 24 15 61 20 8 41 86 76 39 79 46 29 62 50 48 5 99 77 14 74 4 12 10 49 83 43 60 1 73 53 36 54 97 67 65 85 44 16 26 78 93 11 42 98 55 45 96 92 19 13 88 22 33 63 21 30 72 52 37 31 47 57 80 34 3 68 70 17 32 81 69 38 71 6 2 0 90 51 25 7 59 56 40 64 66 28 84 91 87 94 95 18 35 58 89 82 23
TEST 186 ARG:13 38 62 85 99 1 60 71 77 52 2 0 26 33 34 32 83 54 37 90 9 97 87 31 56 75 96 61 58 15 74 3 41 72 8 18 64 42 84 82 78 25 79 29 7 30 17 27 81 55 21 45 67 40 86 70 65 24 12 5 59 4 63 68 20 49 19 43 47 28 89 51 14 35 36 23 88 11 57 66 76 80 39 10 73 50 46 95 69 53 98 91 16 48 22 93 44 6 94 92
TEST 186 ARG:13 38 62 85 99 1 60 71 77 52 2 0 26 33 34 32 83 54 37 90 9 97 87 31 56 75 96 61 58 15 74 3 41 72 8 18 64 42 84 82 78 25 79 29 7 30 17 27 81 55 21 45 67 40 86 70 65 24 12 5 59 4 63 68 20 49 19 43 47 28 89 51 14 35 36 23 88 11 57 66 76 80 39 10 73 50 46 95 69 53 98 91 16 48 22 93 44 6 94 92
TEST 187 ARG:11 0 58 21 52 73 45 9 87 44 94 3 16 80 62 53 5 54 83 28 98 78 8 42 36 27 86 59 69 57 33 18 92 93 2 91 72 19 34 89 7 1 24 85 63 76 47 15 14 65 30 35 79 4 41 96 43 84 90 55 82 32 31 50 26 10 81 17 71 49 68 40 48 12 88 25 6 20 29 75 56 77 67 46 37 64 61 39 51 66 22 70 13 95 60 23 97 99 74 38
TEST 187 ARG:11 0 58 21 52 73 45 9 87 44 94 3 16 80 62 53 5 54 83 28 98 78 8 42 36 27 86 59 69 57 33 18 92 93 2 91 72 19 34 89 7 1 24 85 63 76 47 15 14 65 30 35 79 4 41 96 43 84 90 55 82 32 31 50 26 10 81 17 71 49 68 40 48 12 88 25 6 20 29 75 56 77 67 46 37 64 61 39 51 66 22 70 13 95 60 23 97 99 74 38
TEST 188 ARG:50 35 55 4 84 76 26 21 33 18 62 13 32 14 9 25 97 27 8 91 94 77 3 37 51 47 82 52 38 44 59 92 89 86 0 93 69 31 43 46 23 30 83 57 68 20 39 80 45 17 2 65 99 64 22 81 1 56 85 63 58 72 34 53 41 29 96 10 28 5 66 24 19 67 49 98 73 48 71 42 90 74 70 6 79 87 95 40 88 61 60 15 78 75 12 54 7 16 11 36
TEST 188 ARG:50 35 55 4 84 76 26 21 33 18 62 13 32 14 9 25 97 27 8 91 94 77 3 37 51 47 82 52 38 44 59 92 89 86 0 93 69 31 43 46 23 30 83 57 68 20 39 80 45 17 2 65 99 64 22 81 1 56 85 63 58 72 34 53 41 29 96 10 28 5 66 24 19 67 49 98 73 48 71 42 90 74 70 6 79 87 95 40 88 61 60 15 78 75 12 54 7 16 11 36
TEST 189 ARG:69 71 33 34 50 67 47 19 37 73 52 43 17 32 28 41 85 48 99 39 3 80 79 45 51 14 84 87 58 9 55 64 91 90 49 53 16 29 13 60 76 75 82 66 0 6 89 62 21 97 38 83 25 15 46 57 65 86 93 96 54 72 40 61 23 44 12 95 92 8 30 11 10 1 59 78 74 68 7 36 4 81 63 5 35 18 88 98 70 26 2 20 77 22 24 27 31 56 94 42
TEST 189 ARG:69 71 33 34 50 67 47 19 37 73 52 43 17 32 28 41 85 48 99 39 3 80 79 45 51 14 84 87 58 9 55 64 91 90 49 53 16 29 13 60 76 75 82 66 0 6 89 62 21 97 38 83 25 15 46 57 65 86 93 96 54 72 40 61 23 44 12 95 92 8 30 11 10 1 59 78 74 68 7 36 4 81 63 5 35 18 88 98 70 26 2 20 77 22 24 27 31 56 94 42
TEST 190 ARG:48 73 63 21 8 39 76 78 61 53 95 1 25 90 26 68 52 88 49 42 57 97 32 98 69 85 27 89 0 99 23 15 59 55 35 54 92 86 10 30 67 81 44 22 11 37 43 36 3 29 12 31 19 14 50 5 72 64 33 62 65 82 80 79 87 58 77 45 70 40 28 9 83 18 16 96 13 34 93 2 38 74 46 6 60 47 71 7 24 41 20 17 56 91 75 66 94 4 51 84
TEST 190 ARG:48 73 63 21 8 39 76 78 61 53 95 1 25 90 26 68 52 88 49 42 57 97 32 98 69 85 27 89 0 99 23 15 59 55 35 54 92 86 10 30 67 81 44 22 11 37 43 36 3 29 12 31 19 14 50 5 72 64 33 62 65 82 80 79 87 58 77 45 70 40 28 9 83 18 16 96 13 34 93 2 38 74 46 6 60 47 71 7 24 41 20 17 56 91 75 66 94 4 51 84
TEST 191 ARG:63 61 97 0 59 60 95 40 9 89 44 43 58 87 24 79 94 78 72 69 56 4 64 16 76 45 12 33 2 47 84 48 88 10 17 85 51 86 35 96 67 8 26 20 75 6 49 22 25 11 14 91 68 39 7 82 83 32 50 3 36 55 57 13 99 27 80 31 5 52 1 53 21 71 28 65 93 74 30 81 46 18 23 37 29 92 41 62 42 98 38 66 54 34 19 77 73 90 15 70
TEST 191 ARG:63 61 97 0 59 60 95 40 9 89 44 43 58 87 24 79 94 78 72 69 56 4 64 16 76 45 12 33 2 47 84 48 88 10 17 85 51 86 35 96 67 8 26 20 75 6 49 22 25 11 14 91 68 39 7 82 83 32 50 3 36 55 57 13 99 27 80 31 5 52 1 53 21 71 28 65 93 74 30 81 46 18 23 37 29 92 41 62 42 98 38 66 54 34 19 77 73 90 15 70
TEST 192 ARG:46 65 2 80 94 52 91 0 97 58 21 45 41 31 98 14 60 35 99 76 43 79 12 10 40 93 70 7 11 4 54 37 87 39 13 63 69 74 92 42 67 89 81 75 95 3 62 5 82 9 56 83 61 32 33 57 96 8 44 85 23 68 26 48 16 30 47 64 15 22 24 50 17 34 78 53 38 36 20 66 88 18 29 27 55 90 72 19 84 6 1 73 59 77 71 49 28 86 51 25
TEST 192 ARG:46 65 2 80 94 52 91 0 97 58 21 45 41 31 98 14 60 35 99 76 43 79 12 10 40 93 70 7 11 4 54 37 87 39 13 63 69 74 92 42 67 89 81 75 95 3 62 5 82 9 56 83 61 32 33 57 96 8 44 85 23 68 26 48 16 30 47 64 15 22 24 50 17 34 78 53 38 36 20 66 88 18 29 27 55 90 72 19 84 6 1 73 59 77 71 49 28 86 51 25
TEST 193 ARG:23 69 37 76 22 74 39 33 18 89 6 78 29 63 57 71 27 35 24 61 42 79 15 93 54 41 95 9 59 52 30 58 8 84 4 5 47 45 92 81 86 32 0 77 72 36 21 43 80 87 17 88 96 70 26 55 14 7 83 73 2 10 99 16 48 3 94 56 98 13 60 62 38 67 91 82 40 50 34 75 20 19 64 65 44 31 1 12 85 53 90 51 25 68 46 49 28 97 11 66
TEST 193 ARG:23 69 37 76 22 74 39 33 18 89 6 78 29 63 57 71 27 35 24 61 42 79 15 93 54 41 95 9 59 52 30 58 8 84 4 5 47 45 92 81 86 32 0 77 72 36 21 43 80 87 17 88 96 70 26 55 14 7 83 73 2 10 99 16 48 3 94 56 98 13 60 62 38 67 91 82 40 50 34 75 20 19 64 65 44 31 1 12 85 53 90 51 25 68 46 49 28 97 11 66
TEST 194 ARG:87 88 47 81 51 29 89 22 32 60 86 20 15 4 57 65 61 36 40 31 48 13 76 28 16 10 38 50 85 91 74 96 98 8 43 5 37 99 3 19 59 56 30 34 0 64 27 24 62 12 58 84 2 66 97 94 77 9 26 79 95 63 39 44 71 17 70 52 25 67 6 83 80 73 54 69 7 78 93 23 68 33 72 92 90 46 1 14 42 82 21 45 75 35 55 49 18 53 41 11
TEST 194 ARG:87 88 47 81 51 29 89 22 32 60 86 20 15 4 57 65 61 36 40 31 48 13 76 28 16 10 38 50 85 91 74 96 98 8 43 5 37 99 3 19 59 56 30 34 0 64 27 24 62 12 58 84 2 66 97 94 77 9 26 79 95 63 39 44 71 17 70 52 25 67 6 83 80 73 54 69 7 78 93 23 68 33 72 92 90 46 1 14 42 82 21 45 75 35 55 49 18 53 41 11
TEST 195 ARG:98 14 25 61 6 5 79 23 39 66 78 19 99 51 58 67 88 68 82 44 89 13 29 46 18 91 86 12 81 59 71 41 38 92 33 28 62 94 97 15 31 54 96 76 26 34 22 40 9 63 64 27 83 53 60 87 0 70 56 69 1 47 73 10 4 57 72 24 95 7 37 48 30 3 85 52 75 36 80 11 74 55 45 8 90 42 77 65 2 20 21 49 43 35 16 84 50 32 93 17
TEST 195 ARG:98 14 25 61 6 5 79 23 39 66 78 19 99 51 58 67 88 68 82 44 89 13 29 46 18 91 86 12 81 59 71 41 38 92 33 28 62 94 97 15 31 54 96 76 26 34 22 40 9 63 64 27 83 53 60 87 0 70 56 69 1 47 73 10 4 57 72 24 95 7 37 48 30 3 85 52 75 36 80 11 74 55 45 8 90 42 77 65 2 20 21 49 43 35 16 84 50 32 93 17
TEST 196 ARG:18 58 13 21 61 80 66 71 56 26 62 17 93 44 57 64 65 77 37 46 59 7 68 30 43 98 85 69 52 23 84 32 15 87 41 95 11 72 8 45 33 90 60 19 49 16 34 14 55 4 67 54 20 0 5 40 3 24 97 79 99 48 86 6 96 94 42 31 28 73 25 22 47 35 63 75 9 83 29 88 1 50 2 91 38 92 81 27 74 39 51 53 10 36 76 82 12 70 78 89
TEST 196 ARG:18 58 13 21 61 80 66 71 56 26 62 17 93 44 57 64 65 77 37 46 59 7 68 30 43 98 85 69 52 23 84 32 15 87 41 95 11 72 8 45 33 90 60 19 49 16 34 14 55 4 67 54 20 0 5 40 3 24 97 79 99 48 86 6 96 94 42 31 28 73 25 22 47 35 63 75 9 83 29 88 1 50 2 91 38 92 81 27 74 39 51 53 10 36 76 82 12 70 78 89
TEST 197 ARG:17 77 38 34 54 6 28 40 14 60 18 73 0 98 62 45 53 7 3 94 52 5 43 9 63 87 99 93 80 42 61 33 70 90 88 74 86 36 22 30 85 75 78 82 57 84 1 25 83 13 26 47 44 10 59 68 48 31 4 65 55 11 27 58 35 67 97 41 51 2 95 79 39 81 56 92 21 15 23 20 66 49 91 71 96 50 8 19 69 24 89 72 76 64 16 46 29 12 37 32
TEST 197 ARG:17 77 38 34 54 6 28 40 14 60 18 73 0 98 62 45 53 7 3 94 52 5 43 9 63 87 99 93 80 42 61 33 70 90 88 74 86 36 22 30 85 75 78 82 57 84 1 25 83 13 26 47 44 10 59 68 48 31 4 65 55 11 27 58 35 67 97 41 51 2 95 79 39 81 56 92 21 15 23 20 66 49 91 71 96 50 8 19 69 24 89 72 76 64 16 46 29 12 37 32
TEST 198 ARG:57 75 53 24 4 36 3 35 7 18 83 92 81 89 62 87 90 22 97 8 68 70 6 60 10 5 40 26 63 45 88 80 25 95 0 69 13 21 47 55 93 15 41 54 65 37 91 58 96 2 1 48 74 99 39 14 71 28 56 77 79 94 42 30 64 86 51 61 67 85 16 23 12 17 32 82 34 49 98 33 76 29 44 59 78 84 9 27 72 66 46 50 43 38 20 19 52 31 11 73
TEST 198 ARG:57 75 53 24 4 36 3 35 7 18 83 92 81 89 62 87 90 22 97 8 68 70 6 60 10 5 40 26 63 45 88 80 25 95 0 69 13 21 47 55 93 15 41 54 65 37 91 58 96 2 1 48 74 99 39 14 71 28 56 77 79 94 42 30 64 86 51 61 67 85 16 23 12 17 32 82 34 49 98 33 76 29 44 59 78 84 9 27 72 66 46 50 43 38 20 19 52 31 11 73
TEST 199 ARG:78 14 16 35 81 18 55 59 26 66 86 0 57 73 13 93 23 6 27 51 67 2 77 36 28 22 8 58 1 5 3 33 83 91 97 19 60 74 21 38 92 72 30 85 12 54 20 64 61 63 80 79 39 15 88 89 46 71 95 99 42 87 40 98 45 47 10 68 34 7 75 48 43 90 41 44 94 9 96 17 69 82 84 37 11 4 76 32 56 49 29 24 62 25 53 65 50 52 31 70
TEST 199 ARG:78 14 16 35 81 18 55 59 26 66 86 0 57 73 13 93 23 6 27 51 67 2 77 36 28 22 8 58 1 5 3 33 83 91 97 19 60 74 21 38 92 72 30 85 12 54 20 64 61 63 80 79 39 15 88 89 46 71 95 99 42 87 40 98 45 47 10 68 34 7 75 48 43 90 41 44 94 9 96 17 69 82 84 37 11 4 76 32 56 49 29 24 62 25 53 65 50 52 31 70
TEST 200 ARG:38 51 77 26 1 50 43 30 68 72 37 63 70 62 81 67 6 56 17 35 90 16 21 61 93 59 58 40 87 80 53 73 74 66 23 79 36 34 86 28 39 44 76 60 18 9 8 89 99 46 41 52 45 3 11 20 5 12 84 57 64 88 82 25 85 92 49 69 13 47 32 2 97 65 95 4 42 54 19 7 94 98 55 24 91 22 29 14 75 83 27 0 15 71 78 96 48 31 10 33
TEST 200 ARG:38 51 77 26 1 50 43 30 68 72 37 63 70 62 81 67 6 56 17 35 90 16 21 61 93 59 58 40 87 80 53 73 74 66 23 79 36 34 86 28 39 44 76 60 18 9 8 89 99 46 41 52 45 3 11 20 5 12 84 57 64 88 82 25 85 92 49 69 13 47 32 2 97 65 95 4 42 54 19 7 94 98 55 24 91 22 29 14 75 83 27 0 15 71 78 96 48 31 10 33
TEST 201 ARG:2 22 14 52 60 29 71 48 15 38 92 57 82 34 75 37 98 87 12 5 73 23 62 43 18 55 69 72 13 46 81 16 47 51 36 7 9 40 96 94 11 41 19 20 74 84 49 50 76 28 26 63 86 35 91 56 59 32 1 70 88 95 77 45 39 53 58 89 8 31 79 64 0 44 25 4 93 27 54 17 78 83 99 67 42 6 21 90 97 66 68 61 3 10 80 85 65 24 30 33
TEST 201 ARG:2 22 14 52 60 29 71 48 15 38 92 57 82 34 75 37 98 87 12 5 73 23 62 43 18 55 69 72 13 46 81 16 47 51 36 7 9 40 96 94 11 41 19 20 74 84 49 50 76 28 26 63 86 35 91 56 59 32 1 70 88 95 77 45 39 53 58 89 8 31 79 64 0 44 25 4 93 27 54 17 78 83 99 67 42 6 21 90 97 66 68 61 3 10 80 85 65 24 30 33
Multiple size <= 500
TEST 1 ARG:-65 176 -175 -217 -78 -204 26 237 104 82 123 -29 172 174 -6 48 219 -221 106 17 -7 -105 141 -180 -173 -170 147 126 -47 144 -108 -188 45 -186 -37 -112 -92 -154 9 199 139 -16 -167 124 159 224 47 -250 -235 -202 -123 -14 110 -169 -206 -11 84 -75 118 195 196 -166 189 -67 83 -242 0 -195 -103 160 98 232 14 87 -215 -193 -223 -19 -230 -83 81 11 68 -194 116 -63 120 35 -35 -141 -102 -79 72 -142 -97 135 -191 -96 -31 190 128 170 62 102 145 -190 -156 -26 244 -25 -81 -177 187 13 -60 85 -184 109 -32 34 79 60 -144 -74 -82 -22 194 -66 63 -21 73 -51 -24 -85 -2 74 -237 -245 171 191 -209 43 -113 183 53 80 -62 28 -64 -150 -15 -93 -201 -84 -106 -39 -171 -72 -158 -236 119 -70 -231 142 248 -8 -135 -76 175 206 44 -225 -155 89 211 42 184 133 51 -98 16 -71 221 -212 27 49 -168 203 -87 233 -43 -139 -160 -104 161 -132 -48 239 209 -52 140 -116 55 113 7 114 197 -136 76 -165 111 198 217 41 -68 236 117 -208 208 52 -152 -107 -69 -77 -182 97 204 19 -219 88 6 8 168 115 69 179 155 182 1 -149 -176 -49 216 -125 -36 -164 163 -50 -129 -241 25 -163 -205 235 -5 243 165 -147 59 -3 -42 29 166 -10 38 -99 -18 223 -114 -157 -115 129 246 37 -210 249 108 -248 10 56 -13 112 230 -94 193 -1 -118 127 64 -200 -110 247 192 99 157 -161 -23 188 96 33 -57 -233 162 101 -229 -226 241 -89 -247 226 18 178 238 -211 169 92 137 50 91 70 180 -238 -53 -220 90 214 103 -179 -101 30 -214 245 78 -239 -131 -120 -117 121 228 164 177 -54 136 -44 -111 100 -46 -4 61 -207 229 -240 186 185 -12 -178 -232 213 -159 -198 54 -121 210 22 173 -162 -59 -134 66 225 107 75 40 -95 105 32 132 -56 215 -174 -80 152 -151 154 36 202 131 -124 77 -187 86 -172 95 12 -86 23 -119 -246 156 -38 130 15 125 -213 148 -146 5 149 -183 231 65 218 -100 -55 -88 -133 205 -45 -234 153 -137 138 21 -27 -34 -58 -61 -127 31 227 -40 58 94 220 -140 3 39 -143 167 -109 200 -189 -249 67 93 -33 -138 201 71 20 -199 -192 222 -20 -218 158 181 4 -128 -228 -148 -28 -216 2 -73 234 212 -185 -126 146 -122 -91 151 -145 -90 -17 242 24 -196 134 -227 -41 -243 -197 -244 -9 -153 -30 122 -130 -181 143 57 207 150 46 -224 -222 -203 240
TEST 1 ARG:-65 176 -175 -217 -78 -204 26 237 104 82 123 -29 172 174 -6 48 219 -221 106 17 -7 -105 141 -180 -173 -170 147 126 -47 144 -108 -188 45 -186 -37 -112 -92 -154 9 199 139 -16 -167 124 159 224 47 -250 -235 -202 -123 -14 110 -169 -206 -11 84 -75 118 195 196 -166 189 -67 83 -242 0 -195 -103 160 98 232 14 87 -215 -193 -223 -19 -230 -83 81 11 68 -194 116 -63 120 35 -35 -141 -102 -79 72 -142 -97 135 -191 -96 -31 190 128 170 62 102 145 -190 -156 -26 244 -25 -81 -177 187 13 -60 85 -184 109 -32 34 79 60 -144 -74 -82 -22 194 -66 63 -21 73 -51 -24 -85 -2 74 -237 -245 171 191 -209 43 -113 183 53 80 -62 28 -64 -150 -15 -93 -201 -84 -106 -39 -171 -72 -158 -236 119 -70 -231 142 248 -8 -135 -76 175 206 44 -225 -155 89 211 42 184 133 51 -98 16 -71 221 -212 27 49 -168 203 -87 233 -43 -139 -160 -104 161 -132 -48 239 209 -52 140 -116 55 113 7 114 197 -136 76 -165 111 198 217 41 -68 236 117 -208 208 52 -152 -107 -69 -77 -182 97 204 19 -219 88 6 8 168 115 69 179 155 182 1 -149 -176 -49 216 -125 -36 -164 163 -50 -129 -241 25 -163 -205 235 -5 243 165 -147 59 -3 -42 29 166 -10 38 -99 -18 223 -114 -157 -115 129 246 37 -210 249 108 -248 10 56 -13 112 230 -94 193 -1 -118 127 64 -200 -110 247 192 99 157 -161 -23 188 96 33 -57 -233 162 101 -229 -226 241 -89 -247 226 18 178 238 -211 169 92 137 50 91 70 180 -238 -53 -220 90 214 103 -179 -101 30 -214 245 78 -239 -131 -120 -117 121 228 164 177 -54 136 -44 -111 100 -46 -4 61 -207 229 -240 186 185 -12 -178 -232 213 -159 -198 54 -121 210 22 173 -162 -59 -134 66 225 107 75 40 -95 105 32 132 -56 215 -174 -80 152 -151 154 36 202 131 -124 77 -187 86 -172 95 12 -86 23 -119 -246 156 -38 130 15 125 -213 148 -146 5 149 -183 231 65 218 -100 -55 -88 -133 205 -45 -234 153 -137 138 21 -27 -34 -58 -61 -127 31 227 -40 58 94 220 -140 3 39 -143 167 -109 200 -189 -249 67 93 -33 -138 201 71 20 -199 -192 222 -20 -218 158 181 4 -128 -228 -148 -28 -216 2 -73 234 212 -185 -126 146 -122 -91 151 -145 -90 -17 242 24 -196 134 -227 -41 -243 -197 -244 -9 -153 -30 122 -130 -181 143 57 207 150 46 -224 -222 -203 240
